payment_id,merchant_id,cause,needs_human,difference_paise,ledger_paise,settlement_paise,captured_ts,refunded_ts,utrs,bank_captured_on,settled_on,remarks
pay_000009003489,M10588136,missing_never_settled,True,49966,49966,,2025-09-15 03:00:53,,,,,
pay_000009003869,M92516134,missing_never_settled,True,99921,99921,,2025-09-15 14:25:38,,,,,
pay_000009004732,M26615659,missing_never_settled,True,24969,24969,,2025-09-15 11:10:38,,,,,
pay_000009006001,M44929059,missing_never_settled,True,99957,99957,,2025-09-15 03:50:18,,,,,
pay_000009007557,M17935299,missing_never_settled,True,49966,49966,,2025-09-15 03:12:43,,,,,
pay_000009008272,M63947826,missing_never_settled,True,24954,24954,,2025-09-15 11:46:36,,,,,
pay_000009013716,M54920657,missing_never_settled,True,199925,199925,,2025-09-15 01:07:01,,,,,
pay_000009001342,M62159117,settled_twice,True,-49999,49999,99998,2025-09-15 14:40:19,,"UTR5001342,UTR5001343",2025-09-15,2025-09-15,RESUBMIT
pay_000009010337,M92568984,settled_twice,True,-599985,599985,1199970,2025-09-15 04:30:05,,"UTR5010332,UTR5010333",2025-09-15,2025-09-15,RESUBMIT
pay_000009010918,M27569871,settled_twice,True,-599918,599918,1199836,2025-09-15 16:22:31,,"UTR5010914,UTR5010915",2025-09-15,2025-09-15,RESUBMIT
pay_000009012489,M92891774,settled_twice,True,-49954,49954,99908,2025-09-15 12:20:25,,"UTR5012486,UTR5012487",2025-09-15,2025-09-15,RESUBMIT
pay_000009013218,M50559107,settled_twice,True,-24923,24923,49846,2025-09-15 11:05:13,,"UTR5013216,UTR5013217",2025-09-15,2025-09-15,RESUBMIT
pay_000009000686,M52511408,refund_after_cutoff,False,-1249956,0,1249956,2025-09-15 13:31:18,2025-09-15 22:12:08,UTR5000686,2025-09-15,2025-09-15,
pay_000009001763,M52044167,refund_after_cutoff,False,-199982,0,199982,2025-09-15 06:55:06,2025-09-15 18:08:26,UTR5001764,2025-09-15,2025-09-15,
pay_000009002253,M86648354,refund_after_cutoff,False,-19951,0,19951,2025-09-15 02:09:15,2025-09-15 20:44:26,UTR5002254,2025-09-15,2025-09-15,
pay_000009003152,M60820053,refund_after_cutoff,False,-99995,99995,199990,2025-09-15 13:04:19,2025-09-15 21:25:01,UTR5003153,2025-09-15,2025-09-15,
pay_000009003610,M79139260,refund_after_cutoff,False,-149996,0,149996,2025-09-15 16:28:49,2025-09-15 23:26:56,UTR5003610,2025-09-15,2025-09-15,
pay_000009003861,M87150816,refund_after_cutoff,False,-24906,0,24906,2025-09-15 07:26:28,2025-09-15 22:03:03,UTR5003861,2025-09-15,2025-09-15,
pay_000009005405,M91369117,refund_after_cutoff,False,-9957,9957,19914,2025-09-15 03:57:59,2025-09-15 23:57:29,UTR5005403,2025-09-15,2025-09-15,
pay_000009005677,M25658844,refund_after_cutoff,False,-99954,99954,199908,2025-09-15 11:14:16,2025-09-15 19:31:46,UTR5005675,2025-09-15,2025-09-15,
pay_000009006069,M47392676,refund_after_cutoff,False,-624953,624953,1249906,2025-09-15 12:35:56,2025-09-15 22:45:03,UTR5006066,2025-09-15,2025-09-15,
pay_000009006788,M71850959,refund_after_cutoff,False,-199941,0,199941,2025-09-15 14:53:54,2025-09-15 20:38:22,UTR5006785,2025-09-15,2025-09-15,
pay_000009008446,M96590861,refund_after_cutoff,False,-1249947,0,1249947,2025-09-15 02:56:17,2025-09-15 21:18:40,UTR5008441,2025-09-15,2025-09-15,
pay_000009009357,M44929059,refund_after_cutoff,False,-174991,174992,349983,2025-09-15 00:57:34,2025-09-15 20:36:56,UTR5009352,2025-09-15,2025-09-15,
pay_000009009661,M58602600,refund_after_cutoff,False,-19940,0,19940,2025-09-15 06:31:54,2025-09-15 23:52:04,UTR5009656,2025-09-15,2025-09-15,
pay_000009009849,M49098767,refund_after_cutoff,False,-99962,99962,199924,2025-09-15 07:19:16,2025-09-15 18:51:35,UTR5009844,2025-09-15,2025-09-15,
pay_000009011848,M30644274,refund_after_cutoff,False,-9993,0,9993,2025-09-15 07:04:22,2025-09-15 20:33:01,UTR5011845,2025-09-15,2025-09-15,
pay_000009012316,M39836711,refund_after_cutoff,False,-49986,49987,99973,2025-09-15 01:35:34,2025-09-15 18:15:02,UTR5012313,2025-09-15,2025-09-15,
pay_000009012389,M72569289,refund_after_cutoff,False,-12457,12457,24914,2025-09-15 00:50:14,2025-09-15 21:06:46,UTR5012386,2025-09-15,2025-09-15,
pay_000009014227,M96887220,refund_after_cutoff,False,-174979,174979,349958,2025-09-15 12:09:35,2025-09-15 19:29:00,UTR5014225,2025-09-15,2025-09-15,
pay_000009014242,M20514625,refund_after_cutoff,False,-99967,99967,199934,2025-09-15 11:08:52,2025-09-15 22:17:28,UTR5014240,2025-09-15,2025-09-15,
pay_000009014259,M84980419,refund_after_cutoff,False,-9980,9981,19961,2025-09-15 12:44:07,2025-09-15 20:55:43,UTR5014257,2025-09-15,2025-09-15,
pay_000009014667,M12210990,refund_after_cutoff,False,-75001,75001,150002,2025-09-15 12:49:50,2025-09-15 23:43:28,UTR5014665,2025-09-15,2025-09-15,
pay_000009014744,M84968670,refund_after_cutoff,False,-199978,0,199978,2025-09-15 08:01:04,2025-09-15 22:47:14,UTR5014742,2025-09-15,2025-09-15,
pay_000009014857,M96048437,refund_after_cutoff,False,-150004,0,150004,2025-09-15 16:04:19,2025-09-15 21:50:31,UTR5014855,2025-09-15,2025-09-15,
pay_000009015308,M39836711,refund_after_cutoff,False,-624973,624973,1249946,2025-09-15 06:34:19,2025-09-15 19:11:11,UTR5015306,2025-09-15,2025-09-15,
pay_000009015672,M44042718,refund_after_cutoff,False,-24981,0,24981,2025-09-15 09:54:56,2025-09-15 20:50:28,UTR5015670,2025-09-15,2025-09-15,
pay_000009015749,M44098401,refund_after_cutoff,False,-624952,624953,1249905,2025-09-15 14:58:47,2025-09-15 23:20:33,UTR5015747,2025-09-15,2025-09-15,
pay_000009016257,M65473271,refund_after_cutoff,False,-12479,12479,24958,2025-09-15 08:28:56,2025-09-15 21:20:01,UTR5016255,2025-09-15,2025-09-15,
pay_000009000336,M95735003,rounding,False,-1,199939,199940,2025-09-15 16:39:52,,UTR5000336,2025-09-15,2025-09-15,
pay_000009001587,M68826427,rounding,False,-1,19935,19936,2025-09-15 08:20:17,,UTR5001588,2025-09-15,2025-09-15,
pay_000009002145,M30410607,rounding,False,1,99909,99908,2025-09-15 00:01:31,,UTR5002146,2025-09-15,2025-09-15,
pay_000009002541,M18091245,rounding,False,1,19911,19910,2025-09-15 14:18:02,,UTR5002542,2025-09-15,2025-09-15,
pay_000009003063,M78736512,rounding,False,-1,599986,599987,2025-09-15 16:21:32,,UTR5003064,2025-09-15,2025-09-15,
pay_000009004085,M32420428,rounding,False,-1,49902,49903,2025-09-15 04:11:38,,UTR5004084,2025-09-15,2025-09-15,
pay_000009005188,M86171298,rounding,False,1,99976,99975,2025-09-15 14:10:59,,UTR5005186,2025-09-15,2025-09-15,
pay_000009005238,M47392676,rounding,False,-1,349995,349996,2025-09-15 07:23:33,,UTR5005236,2025-09-15,2025-09-15,
pay_000009006547,M64828960,rounding,False,1,24997,24996,2025-09-15 11:17:58,,UTR5006544,2025-09-15,2025-09-15,
pay_000009006613,M15219201,rounding,False,1,199931,199930,2025-09-15 13:42:44,,UTR5006610,2025-09-15,2025-09-15,
pay_000009006892,M95262453,rounding,False,1,599998,599997,2025-09-15 13:18:44,,UTR5006889,2025-09-15,2025-09-15,
pay_000009007619,M15740429,rounding,False,-1,599977,599978,2025-09-15 04:32:27,,UTR5007615,2025-09-15,2025-09-15,
pay_000009008421,M36902587,rounding,False,1,349915,349914,2025-09-15 02:09:43,,UTR5008416,2025-09-15,2025-09-15,
pay_000009010797,M84959366,rounding,False,1,19989,19988,2025-09-15 05:32:23,,UTR5010793,2025-09-15,2025-09-15,
pay_000009012242,M86128513,rounding,False,-1,599972,599973,2025-09-15 11:07:12,,UTR5012239,2025-09-15,2025-09-15,
pay_000009012301,M91369117,rounding,False,-1,19961,19962,2025-09-15 12:57:02,,UTR5012298,2025-09-15,2025-09-15,
pay_000009013831,M89074272,rounding,False,-1,49901,49902,2025-09-15 17:27:06,,UTR5013829,2025-09-15,2025-09-15,
pay_000009014013,M44884581,rounding,False,1,349956,349955,2025-09-15 16:20:18,,UTR5014011,2025-09-15,2025-09-15,
pay_000009014328,M27569871,rounding,False,-1,1249991,1249992,2025-09-15 04:48:20,,UTR5014326,2025-09-15,2025-09-15,
pay_000009014471,M98721314,rounding,False,1,1249994,1249993,2025-09-15 17:23:43,,UTR5014469,2025-09-15,2025-09-15,
pay_000009014563,M24047359,rounding,False,1,349934,349933,2025-09-15 16:22:01,,UTR5014561,2025-09-15,2025-09-15,
pay_000009015141,M10116189,rounding,False,1,199952,199951,2025-09-15 04:27:23,,UTR5015139,2025-09-15,2025-09-15,
pay_000009015322,M65502006,rounding,False,1,49977,49976,2025-09-15 16:03:08,,UTR5015320,2025-09-15,2025-09-15,
pay_000009015897,M88380679,rounding,False,1,49978,49977,2025-09-15 12:59:35,,UTR5015895,2025-09-15,2025-09-15,
pay_000009016130,M68621284,rounding,False,1,199908,199907,2025-09-15 15:45:07,,UTR5016128,2025-09-15,2025-09-15,
pay_000009017328,M66585753,rounding,False,-1,1249954,1249955,2025-09-15 11:10:56,,UTR5017326,2025-09-15,2025-09-15,
pay_000009017542,M53392764,rounding,False,1,150035,150034,2025-09-15 17:00:59,,UTR5017540,2025-09-15,2025-09-15,
pay_000009018001,M52511408,timing_captured_after_cutoff,False,349907,349907,,2025-09-15 21:32:49,,,,,
pay_000009018002,M96087378,timing_captured_after_cutoff,False,349950,349950,,2025-09-15 20:02:19,,,,,
pay_000009018003,M76671061,timing_captured_after_cutoff,False,150035,150035,,2025-09-15 19:11:23,,,,,
pay_000009018004,M17935299,timing_captured_after_cutoff,False,150055,150055,,2025-09-15 20:04:13,,,,,
pay_000009018005,M16836277,timing_captured_after_cutoff,False,1249910,1249910,,2025-09-15 19:21:01,,,,,
pay_000009018006,M57153232,timing_captured_after_cutoff,False,349947,349947,,2025-09-15 22:46:30,,,,,
pay_000009018007,M30352926,timing_captured_after_cutoff,False,19929,19929,,2025-09-15 18:00:41,,,,,
pay_000009018008,M61015717,timing_captured_after_cutoff,False,24922,24922,,2025-09-15 18:38:57,,,,,
pay_000009018009,M81570610,timing_captured_after_cutoff,False,1249946,1249946,,2025-09-15 19:28:57,,,,,
pay_000009018010,M71867858,timing_captured_after_cutoff,False,99903,99903,,2025-09-15 22:10:42,,,,,
pay_000009018011,M19532942,timing_captured_after_cutoff,False,149995,149995,,2025-09-15 23:56:30,,,,,
pay_000009018012,M92715158,timing_captured_after_cutoff,False,349939,349939,,2025-09-15 22:46:45,,,,,
pay_000009018013,M38543824,timing_captured_after_cutoff,False,9952,9952,,2025-09-15 22:33:36,,,,,
pay_000009018014,M44929059,timing_captured_after_cutoff,False,349969,349969,,2025-09-15 22:06:37,,,,,
pay_000009018015,M62798018,timing_captured_after_cutoff,False,19983,19983,,2025-09-15 18:41:12,,,,,
pay_000009018016,M92715158,timing_captured_after_cutoff,False,9954,9954,,2025-09-15 19:56:13,,,,,
pay_000009018017,M81492094,timing_captured_after_cutoff,False,199927,199927,,2025-09-15 21:25:39,,,,,
pay_000009018018,M18694053,timing_captured_after_cutoff,False,9921,9921,,2025-09-15 22:25:32,,,,,
pay_000009018019,M27569871,timing_captured_after_cutoff,False,199930,199930,,2025-09-15 20:47:03,,,,,
pay_000009018020,M63947826,timing_captured_after_cutoff,False,49989,49989,,2025-09-15 22:44:49,,,,,
pay_000009018021,M65003880,timing_captured_after_cutoff,False,1249948,1249948,,2025-09-15 19:04:28,,,,,
pay_000009018022,M90384840,timing_captured_after_cutoff,False,9961,9961,,2025-09-15 18:22:14,,,,,
pay_000009018023,M83577785,timing_captured_after_cutoff,False,599940,599940,,2025-09-15 20:44:54,,,,,
pay_000009018024,M90554074,timing_captured_after_cutoff,False,24928,24928,,2025-09-15 22:32:55,,,,,
pay_000009018025,M86128513,timing_captured_after_cutoff,False,150010,150010,,2025-09-15 23:55:28,,,,,
pay_000009018026,M58570562,timing_captured_after_cutoff,False,199902,199902,,2025-09-15 23:47:27,,,,,
pay_000009018027,M11679602,timing_captured_after_cutoff,False,199923,199923,,2025-09-15 22:22:13,,,,,
pay_000009018028,M71091942,timing_captured_after_cutoff,False,9999,9999,,2025-09-15 23:03:20,,,,,
pay_000009018029,M11605963,timing_captured_after_cutoff,False,99997,99997,,2025-09-15 21:59:41,,,,,
pay_000009018030,M31108700,timing_captured_after_cutoff,False,49910,49910,,2025-09-15 18:33:21,,,,,
pay_000009018031,M89532034,timing_captured_after_cutoff,False,150066,150066,,2025-09-15 18:40:31,,,,,
pay_000009018032,M19051462,timing_captured_after_cutoff,False,99939,99939,,2025-09-15 20:22:05,,,,,
pay_000009018033,M25925425,timing_captured_after_cutoff,False,150055,150055,,2025-09-15 19:02:43,,,,,
pay_000009018034,M32854706,timing_captured_after_cutoff,False,99995,99995,,2025-09-15 18:41:21,,,,,
pay_000009018035,M68621284,timing_captured_after_cutoff,False,199913,199913,,2025-09-15 23:34:54,,,,,
pay_000009018036,M14431382,timing_captured_after_cutoff,False,9935,9935,,2025-09-15 22:10:19,,,,,
pay_000009018037,M91408484,timing_captured_after_cutoff,False,149990,149990,,2025-09-15 18:14:31,,,,,
pay_000009018038,M60820053,timing_captured_after_cutoff,False,19964,19964,,2025-09-15 18:23:15,,,,,
pay_000009018039,M71850959,timing_captured_after_cutoff,False,599987,599987,,2025-09-15 22:48:14,,,,,
pay_000009018040,M96756171,timing_captured_after_cutoff,False,49955,49955,,2025-09-15 23:25:36,,,,,
pay_000009018041,M49186036,timing_captured_after_cutoff,False,1249917,1249917,,2025-09-15 22:41:48,,,,,
pay_000009018042,M41978779,timing_captured_after_cutoff,False,99902,99902,,2025-09-15 18:49:36,,,,,
pay_000009018043,M18434450,timing_captured_after_cutoff,False,150087,150087,,2025-09-15 18:01:19,,,,,
pay_000009018044,M96342512,timing_captured_after_cutoff,False,599922,599922,,2025-09-15 20:02:11,,,,,
pay_000009018045,M19418093,timing_captured_after_cutoff,False,1249990,1249990,,2025-09-15 19:11:10,,,,,
pay_000009018046,M42427010,timing_captured_after_cutoff,False,19964,19964,,2025-09-15 19:21:28,,,,,
pay_000009018047,M78845227,timing_captured_after_cutoff,False,349959,349959,,2025-09-15 18:12:19,,,,,
pay_000009018048,M64828960,timing_captured_after_cutoff,False,599938,599938,,2025-09-15 22:55:16,,,,,
pay_000009018049,M43750781,timing_captured_after_cutoff,False,150044,150044,,2025-09-15 23:45:25,,,,,
pay_000009018050,M37085072,timing_captured_after_cutoff,False,49937,49937,,2025-09-15 23:41:27,,,,,
pay_000009018051,M74361119,timing_captured_after_cutoff,False,99917,99917,,2025-09-15 19:05:10,,,,,
pay_000009018052,M54740498,timing_captured_after_cutoff,False,19935,19935,,2025-09-15 19:39:25,,,,,
pay_000009018053,M10116189,timing_captured_after_cutoff,False,9926,9926,,2025-09-15 23:11:06,,,,,
pay_000009018054,M62759474,timing_captured_after_cutoff,False,19985,19985,,2025-09-15 22:53:41,,,,,
pay_000009018055,M26087418,timing_captured_after_cutoff,False,49904,49904,,2025-09-15 22:33:11,,,,,
pay_000009018056,M62798018,timing_captured_after_cutoff,False,599911,599911,,2025-09-15 18:55:41,,,,,
pay_000009018057,M98721314,timing_captured_after_cutoff,False,49918,49918,,2025-09-15 23:36:42,,,,,
pay_000009018058,M62798018,timing_captured_after_cutoff,False,19983,19983,,2025-09-15 22:18:32,,,,,
pay_000009018059,M46703582,timing_captured_after_cutoff,False,199981,199981,,2025-09-15 22:10:27,,,,,
pay_000009018060,M75916217,timing_captured_after_cutoff,False,199933,199933,,2025-09-15 20:19:04,,,,,
pay_000009018061,M91974410,timing_captured_after_cutoff,False,9962,9962,,2025-09-15 22:57:16,,,,,
pay_000009018062,M68989250,timing_captured_after_cutoff,False,349904,349904,,2025-09-15 18:46:24,,,,,
pay_000009018063,M86171298,timing_captured_after_cutoff,False,49986,49986,,2025-09-15 20:06:17,,,,,
pay_000009018064,M76002579,timing_captured_after_cutoff,False,599977,599977,,2025-09-15 21:07:05,,,,,
pay_000009018065,M78736512,timing_captured_after_cutoff,False,150087,150087,,2025-09-15 20:14:22,,,,,
pay_000009018066,M73661612,timing_captured_after_cutoff,False,599998,599998,,2025-09-15 23:06:58,,,,,
pay_000009018067,M73224578,timing_captured_after_cutoff,False,19927,19927,,2025-09-15 18:12:39,,,,,
pay_000009018068,M98793572,timing_captured_after_cutoff,False,49982,49982,,2025-09-15 21:15:33,,,,,
pay_000009018069,M98721314,timing_captured_after_cutoff,False,1249944,1249944,,2025-09-15 23:07:04,,,,,
pay_000009018070,M64669408,timing_captured_after_cutoff,False,199953,199953,,2025-09-15 23:05:46,,,,,
pay_000009018071,M14431382,timing_captured_after_cutoff,False,349977,349977,,2025-09-15 22:13:31,,,,,
pay_000009018072,M49098767,timing_captured_after_cutoff,False,599906,599906,,2025-09-15 19:52:04,,,,,
pay_000009018073,M86171298,timing_captured_after_cutoff,False,349932,349932,,2025-09-15 23:23:14,,,,,
pay_000009018074,M79374858,timing_captured_after_cutoff,False,599907,599907,,2025-09-15 21:01:57,,,,,
pay_000009018075,M51666375,timing_captured_after_cutoff,False,349971,349971,,2025-09-15 19:03:31,,,,,
pay_000009018076,M84613085,timing_captured_after_cutoff,False,199906,199906,,2025-09-15 20:57:36,,,,,
pay_000009018077,M73224578,timing_captured_after_cutoff,False,150023,150023,,2025-09-15 22:43:36,,,,,
pay_000009018078,M68224272,timing_captured_after_cutoff,False,9926,9926,,2025-09-15 22:19:34,,,,,
pay_000009018079,M66632544,timing_captured_after_cutoff,False,599959,599959,,2025-09-15 22:08:05,,,,,
pay_000009018080,M56234030,timing_captured_after_cutoff,False,9920,9920,,2025-09-15 22:53:08,,,,,
pay_000009018081,M60222563,timing_captured_after_cutoff,False,19903,19903,,2025-09-15 23:08:53,,,,,
pay_000009018082,M70993207,timing_captured_after_cutoff,False,349954,349954,,2025-09-15 19:40:17,,,,,
pay_000009018083,M49186036,timing_captured_after_cutoff,False,9958,9958,,2025-09-15 22:45:04,,,,,
pay_000009018084,M96048437,timing_captured_after_cutoff,False,1249979,1249979,,2025-09-15 20:39:50,,,,,
pay_000009018085,M25550771,timing_captured_after_cutoff,False,1249944,1249944,,2025-09-15 22:27:00,,,,,
pay_000009018086,M72809088,timing_captured_after_cutoff,False,150006,150006,,2025-09-15 19:17:17,,,,,
pay_000009018087,M92516134,timing_captured_after_cutoff,False,349900,349900,,2025-09-15 21:04:02,,,,,
pay_000009018088,M93619349,timing_captured_after_cutoff,False,1249903,1249903,,2025-09-15 21:29:47,,,,,
pay_000009018089,M80826716,timing_captured_after_cutoff,False,24962,24962,,2025-09-15 18:50:41,,,,,
pay_000009018090,M97285147,timing_captured_after_cutoff,False,24940,24940,,2025-09-15 20:43:53,,,,,
pay_000009018091,M94258056,timing_captured_after_cutoff,False,199923,199923,,2025-09-15 22:55:55,,,,,
pay_000009018092,M35961289,timing_captured_after_cutoff,False,24909,24909,,2025-09-15 22:55:52,,,,,
pay_000009018093,M29076317,timing_captured_after_cutoff,False,150029,150029,,2025-09-15 19:18:41,,,,,
pay_000009018094,M92891774,timing_captured_after_cutoff,False,49912,49912,,2025-09-15 18:08:06,,,,,
pay_000009018095,M47392676,timing_captured_after_cutoff,False,150011,150011,,2025-09-15 22:22:42,,,,,
pay_000009018096,M77853702,timing_captured_after_cutoff,False,349972,349972,,2025-09-15 20:27:59,,,,,
pay_000009018097,M65502006,timing_captured_after_cutoff,False,599936,599936,,2025-09-15 21:09:33,,,,,
pay_000009018098,M68989250,timing_captured_after_cutoff,False,24934,24934,,2025-09-15 19:18:37,,,,,
pay_000009018099,M95735003,timing_captured_after_cutoff,False,150063,150063,,2025-09-15 23:24:20,,,,,
pay_000009018100,M71850959,timing_captured_after_cutoff,False,599942,599942,,2025-09-15 20:45:04,,,,,
pay_000009018101,M96887220,timing_captured_after_cutoff,False,99999,99999,,2025-09-15 20:04:53,,,,,
pay_000009018102,M77869053,timing_captured_after_cutoff,False,19981,19981,,2025-09-15 23:36:49,,,,,
pay_000009018103,M62798018,timing_captured_after_cutoff,False,49973,49973,,2025-09-15 20:58:04,,,,,
pay_000009018104,M70964452,timing_captured_after_cutoff,False,599914,599914,,2025-09-15 23:36:33,,,,,
pay_000009018105,M44509947,timing_captured_after_cutoff,False,49958,49958,,2025-09-15 21:39:07,,,,,
pay_000009018106,M37689941,timing_captured_after_cutoff,False,199991,199991,,2025-09-15 19:53:15,,,,,
pay_000009018107,M39822170,timing_captured_after_cutoff,False,9920,9920,,2025-09-15 18:06:10,,,,,
pay_000009018108,M56569368,timing_captured_after_cutoff,False,199940,199940,,2025-09-15 18:42:34,,,,,
pay_000009018109,M29806633,timing_captured_after_cutoff,False,19938,19938,,2025-09-15 20:18:50,,,,,
pay_000009018110,M50559107,timing_captured_after_cutoff,False,1249918,1249918,,2025-09-15 22:25:34,,,,,
pay_000009018111,M28995152,timing_captured_after_cutoff,False,49974,49974,,2025-09-15 18:06:59,,,,,
pay_000009018112,M66339257,timing_captured_after_cutoff,False,9921,9921,,2025-09-15 19:58:05,,,,,
pay_000009018113,M95262453,timing_captured_after_cutoff,False,599960,599960,,2025-09-15 20:13:16,,,,,
pay_000009018114,M36525071,timing_captured_after_cutoff,False,1249941,1249941,,2025-09-15 19:05:38,,,,,
pay_000009018115,M21804718,timing_captured_after_cutoff,False,349939,349939,,2025-09-15 22:54:57,,,,,
pay_000009018116,M83420677,timing_captured_after_cutoff,False,9967,9967,,2025-09-15 23:10:15,,,,,
pay_000009018117,M68269082,timing_captured_after_cutoff,False,599982,599982,,2025-09-15 22:03:15,,,,,
pay_000009018118,M74500119,timing_captured_after_cutoff,False,199946,199946,,2025-09-15 22:07:41,,,,,
pay_000009018119,M62076303,timing_captured_after_cutoff,False,99938,99938,,2025-09-15 18:04:20,,,,,
pay_000009018120,M21436096,timing_captured_after_cutoff,False,99965,99965,,2025-09-15 21:02:03,,,,,
pay_000009018121,M29800659,timing_captured_after_cutoff,False,49933,49933,,2025-09-15 21:44:12,,,,,
pay_000009018122,M25757525,timing_captured_after_cutoff,False,19900,19900,,2025-09-15 21:41:54,,,,,
pay_000009018123,M25593655,timing_captured_after_cutoff,False,150062,150062,,2025-09-15 22:52:08,,,,,
pay_000009018124,M49214068,timing_captured_after_cutoff,False,150061,150061,,2025-09-15 20:30:30,,,,,
pay_000009018125,M83420677,timing_captured_after_cutoff,False,349952,349952,,2025-09-15 23:25:56,,,,,
pay_000009018126,M21099059,timing_captured_after_cutoff,False,24950,24950,,2025-09-15 22:42:50,,,,,
pay_000009018127,M71850959,timing_captured_after_cutoff,False,99933,99933,,2025-09-15 20:19:08,,,,,
pay_000009018128,M95548492,timing_captured_after_cutoff,False,49982,49982,,2025-09-15 20:50:05,,,,,
pay_000009018129,M79023267,timing_captured_after_cutoff,False,599904,599904,,2025-09-15 22:16:52,,,,,
pay_000009018130,M38543824,timing_captured_after_cutoff,False,599947,599947,,2025-09-15 21:15:38,,,,,
pay_000009018131,M73661688,timing_captured_after_cutoff,False,19921,19921,,2025-09-15 19:57:41,,,,,
pay_000009018132,M41616697,timing_captured_after_cutoff,False,1249965,1249965,,2025-09-15 20:34:57,,,,,
pay_000009018133,M41452943,timing_captured_after_cutoff,False,24927,24927,,2025-09-15 21:14:23,,,,,
pay_000009018134,M87299796,timing_captured_after_cutoff,False,49966,49966,,2025-09-15 19:23:08,,,,,
pay_000009018135,M52140923,timing_captured_after_cutoff,False,49983,49983,,2025-09-15 20:53:30,,,,,
pay_000009018136,M64669408,timing_captured_after_cutoff,False,349902,349902,,2025-09-15 23:45:43,,,,,
pay_000009018137,M85603833,timing_captured_after_cutoff,False,9949,9949,,2025-09-15 23:14:36,,,,,
pay_000009018138,M47071542,timing_captured_after_cutoff,False,99952,99952,,2025-09-15 20:20:17,,,,,
pay_000009018139,M56448641,timing_captured_after_cutoff,False,599917,599917,,2025-09-15 19:00:03,,,,,
pay_000009018140,M44488815,timing_captured_after_cutoff,False,599956,599956,,2025-09-15 20:00:03,,,,,
pay_000009018141,M71324249,timing_captured_after_cutoff,False,9996,9996,,2025-09-15 23:46:08,,,,,
pay_000009018142,M32854706,timing_captured_after_cutoff,False,199938,199938,,2025-09-15 21:19:48,,,,,
pay_000009018143,M96756171,timing_captured_after_cutoff,False,24966,24966,,2025-09-15 19:58:15,,,,,
pay_000009018144,M44509947,timing_captured_after_cutoff,False,150060,150060,,2025-09-15 18:05:50,,,,,
pay_000009018145,M72680054,timing_captured_after_cutoff,False,599969,599969,,2025-09-15 23:33:55,,,,,
pay_000009018146,M12909738,timing_captured_after_cutoff,False,150019,150019,,2025-09-15 20:06:52,,,,,
pay_000009018147,M37566922,timing_captured_after_cutoff,False,19982,19982,,2025-09-15 21:46:16,,,,,
pay_000009018148,M44509947,timing_captured_after_cutoff,False,150041,150041,,2025-09-15 22:22:43,,,,,
pay_000009018149,M29800659,timing_captured_after_cutoff,False,49911,49911,,2025-09-15 21:12:10,,,,,
pay_000009018150,M83577785,timing_captured_after_cutoff,False,24926,24926,,2025-09-15 18:57:57,,,,,
pay_000009018151,M44042718,timing_captured_after_cutoff,False,99962,99962,,2025-09-15 21:37:51,,,,,
pay_000009018152,M39345776,timing_captured_after_cutoff,False,19992,19992,,2025-09-15 18:44:30,,,,,
pay_000009018153,M72939559,timing_captured_after_cutoff,False,1249982,1249982,,2025-09-15 18:16:42,,,,,
pay_000009018154,M98793572,timing_captured_after_cutoff,False,99990,99990,,2025-09-15 23:00:29,,,,,
pay_000009018155,M87227280,timing_captured_after_cutoff,False,599919,599919,,2025-09-15 19:11:47,,,,,
pay_000009018156,M97285147,timing_captured_after_cutoff,False,1249958,1249958,,2025-09-15 20:45:54,,,,,
pay_000009018157,M96048437,timing_captured_after_cutoff,False,49920,49920,,2025-09-15 22:16:09,,,,,
pay_000009018158,M81570610,timing_captured_after_cutoff,False,599904,599904,,2025-09-15 23:15:05,,,,,
pay_000009018159,M53015226,timing_captured_after_cutoff,False,24944,24944,,2025-09-15 22:31:14,,,,,
pay_000009018160,M23521588,timing_captured_after_cutoff,False,150063,150063,,2025-09-15 19:05:09,,,,,
pay_000009018161,M79139260,timing_captured_after_cutoff,False,24910,24910,,2025-09-15 18:36:38,,,,,
pay_000009018162,M12210990,timing_captured_after_cutoff,False,19975,19975,,2025-09-15 19:13:55,,,,,
pay_000009018163,M68911010,timing_captured_after_cutoff,False,49948,49948,,2025-09-15 21:22:55,,,,,
pay_000009018164,M45674239,timing_captured_after_cutoff,False,19945,19945,,2025-09-15 19:58:22,,,,,
pay_000009018165,M14460455,timing_captured_after_cutoff,False,150026,150026,,2025-09-15 18:36:00,,,,,
pay_000009018166,M57153232,timing_captured_after_cutoff,False,1249926,1249926,,2025-09-15 20:35:04,,,,,
pay_000009018167,M12658103,timing_captured_after_cutoff,False,24940,24940,,2025-09-15 21:40:33,,,,,
pay_000009018168,M95352063,timing_captured_after_cutoff,False,1249908,1249908,,2025-09-15 19:52:09,,,,,
pay_000009018169,M71850959,timing_captured_after_cutoff,False,599949,599949,,2025-09-15 19:40:51,,,,,
pay_000009018170,M62759474,timing_captured_after_cutoff,False,1249908,1249908,,2025-09-15 18:02:23,,,,,
pay_000009018171,M58570562,timing_captured_after_cutoff,False,49901,49901,,2025-09-15 22:08:12,,,,,
pay_000009018172,M50559107,timing_captured_after_cutoff,False,19900,19900,,2025-09-15 21:43:14,,,,,
pay_000009018173,M58350220,timing_captured_after_cutoff,False,150035,150035,,2025-09-15 18:38:57,,,,,
pay_000009018174,M58350220,timing_captured_after_cutoff,False,19988,19988,,2025-09-15 19:26:02,,,,,
pay_000009018175,M65003880,timing_captured_after_cutoff,False,1249963,1249963,,2025-09-15 23:46:40,,,,,
pay_000009018176,M40653891,timing_captured_after_cutoff,False,199990,199990,,2025-09-15 19:27:28,,,,,
pay_000009018177,M47549642,timing_captured_after_cutoff,False,349940,349940,,2025-09-15 20:00:54,,,,,
pay_000009018178,M11679602,timing_captured_after_cutoff,False,599927,599927,,2025-09-15 19:18:29,,,,,
pay_000009018179,M23521588,timing_captured_after_cutoff,False,9980,9980,,2025-09-15 23:48:59,,,,,
pay_000009018180,M37689941,timing_captured_after_cutoff,False,19930,19930,,2025-09-15 21:40:52,,,,,
pay_000009018181,M86171298,timing_captured_after_cutoff,False,24961,24961,,2025-09-15 18:30:22,,,,,
pay_000009018182,M19051462,timing_captured_after_cutoff,False,49901,49901,,2025-09-15 18:23:46,,,,,
pay_000009018183,M85602508,timing_captured_after_cutoff,False,24906,24906,,2025-09-15 21:30:07,,,,,
pay_000009018184,M44343181,timing_captured_after_cutoff,False,49902,49902,,2025-09-15 23:37:40,,,,,
pay_000009018185,M28990984,timing_captured_after_cutoff,False,24937,24937,,2025-09-15 22:51:45,,,,,
pay_000009018186,M77853702,timing_captured_after_cutoff,False,349997,349997,,2025-09-15 22:41:48,,,,,
pay_000009018187,M63224010,timing_captured_after_cutoff,False,199965,199965,,2025-09-15 23:44:14,,,,,
pay_000009018188,M25757525,timing_captured_after_cutoff,False,19985,19985,,2025-09-15 21:09:29,,,,,
pay_000009018189,M27814328,timing_captured_after_cutoff,False,99952,99952,,2025-09-15 23:43:47,,,,,
pay_000009018190,M52044167,timing_captured_after_cutoff,False,19923,19923,,2025-09-15 19:12:20,,,,,
pay_000009018191,M97115569,timing_captured_after_cutoff,False,599969,599969,,2025-09-15 23:56:20,,,,,
pay_000009018192,M57153232,timing_captured_after_cutoff,False,349967,349967,,2025-09-15 23:52:21,,,,,
pay_000009018193,M61648109,timing_captured_after_cutoff,False,9961,9961,,2025-09-15 19:25:18,,,,,
pay_000009018194,M25994767,timing_captured_after_cutoff,False,99982,99982,,2025-09-15 23:41:48,,,,,
pay_000009018195,M66546635,timing_captured_after_cutoff,False,49936,49936,,2025-09-15 21:25:25,,,,,
pay_000009018196,M30903465,timing_captured_after_cutoff,False,19953,19953,,2025-09-15 23:29:54,,,,,
pay_000009018197,M18694053,timing_captured_after_cutoff,False,150070,150070,,2025-09-15 23:13:31,,,,,
pay_000009018198,M75219533,timing_captured_after_cutoff,False,349936,349936,,2025-09-15 19:09:29,,,,,
pay_000009018199,M45674239,timing_captured_after_cutoff,False,599991,599991,,2025-09-15 18:15:12,,,,,
pay_000009018200,M20010054,timing_captured_after_cutoff,False,1249923,1249923,,2025-09-15 18:44:06,,,,,
pay_000009018201,M66585753,timing_captured_after_cutoff,False,1249906,1249906,,2025-09-15 19:51:57,,,,,
pay_000009018202,M72939559,timing_captured_after_cutoff,False,199911,199911,,2025-09-15 23:43:06,,,,,
pay_000009018203,M39637009,timing_captured_after_cutoff,False,199989,199989,,2025-09-15 22:02:40,,,,,
pay_000009018204,M98793572,timing_captured_after_cutoff,False,599902,599902,,2025-09-15 22:32:08,,,,,
pay_000009018205,M19258852,timing_captured_after_cutoff,False,24994,24994,,2025-09-15 19:55:00,,,,,
pay_000009018206,M68779434,timing_captured_after_cutoff,False,150019,150019,,2025-09-15 23:07:45,,,,,
pay_000009018207,M60222563,timing_captured_after_cutoff,False,349959,349959,,2025-09-15 20:48:43,,,,,
pay_000009018208,M75809988,timing_captured_after_cutoff,False,24908,24908,,2025-09-15 21:12:48,,,,,
pay_000009018209,M96048437,timing_captured_after_cutoff,False,199940,199940,,2025-09-15 20:46:49,,,,,
pay_000009018210,M49279774,timing_captured_after_cutoff,False,199946,199946,,2025-09-15 21:16:18,,,,,
pay_000009018211,M79019281,timing_captured_after_cutoff,False,19991,19991,,2025-09-15 20:45:18,,,,,
pay_000009018212,M37957105,timing_captured_after_cutoff,False,99969,99969,,2025-09-15 23:28:40,,,,,
pay_000009018213,M95735003,timing_captured_after_cutoff,False,599904,599904,,2025-09-15 22:20:00,,,,,
pay_000009018214,M91408484,timing_captured_after_cutoff,False,49964,49964,,2025-09-15 23:41:05,,,,,
pay_000009018215,M19037258,timing_captured_after_cutoff,False,599973,599973,,2025-09-15 21:53:07,,,,,
pay_000009018216,M59694325,timing_captured_after_cutoff,False,19948,19948,,2025-09-15 18:16:38,,,,,
pay_000009018217,M95352063,timing_captured_after_cutoff,False,99972,99972,,2025-09-15 22:39:16,,,,,
pay_000009018218,M92109215,timing_captured_after_cutoff,False,9942,9942,,2025-09-15 19:36:24,,,,,
pay_000009018219,M85365839,timing_captured_after_cutoff,False,1249984,1249984,,2025-09-15 22:34:21,,,,,
pay_000009018220,M92891774,timing_captured_after_cutoff,False,99935,99935,,2025-09-15 21:55:13,,,,,
pay_000009018221,M19051462,timing_captured_after_cutoff,False,19970,19970,,2025-09-15 21:07:29,,,,,
pay_000009018222,M87248824,timing_captured_after_cutoff,False,49948,49948,,2025-09-15 20:22:01,,,,,
pay_000009018223,M52140923,timing_captured_after_cutoff,False,199993,199993,,2025-09-15 21:20:48,,,,,
pay_000009018224,M21559956,timing_captured_after_cutoff,False,19997,19997,,2025-09-15 21:41:00,,,,,
pay_000009018225,M95262453,timing_captured_after_cutoff,False,150083,150083,,2025-09-15 18:16:49,,,,,
pay_000009018226,M87150816,timing_captured_after_cutoff,False,599956,599956,,2025-09-15 18:24:23,,,,,
pay_000009018227,M23926979,timing_captured_after_cutoff,False,150089,150089,,2025-09-15 22:26:58,,,,,
pay_000009018228,M58570562,timing_captured_after_cutoff,False,24923,24923,,2025-09-15 18:16:29,,,,,
pay_000009018229,M38543824,timing_captured_after_cutoff,False,599947,599947,,2025-09-15 21:16:24,,,,,
pay_000009018230,M11605963,timing_captured_after_cutoff,False,599934,599934,,2025-09-15 22:07:01,,,,,
pay_000009018231,M61801892,timing_captured_after_cutoff,False,49984,49984,,2025-09-15 19:53:46,,,,,
pay_000009018232,M74361119,timing_captured_after_cutoff,False,349905,349905,,2025-09-15 18:52:53,,,,,
pay_000009018233,M23926979,timing_captured_after_cutoff,False,150032,150032,,2025-09-15 23:35:15,,,,,
pay_000009018234,M88845810,timing_captured_after_cutoff,False,150073,150073,,2025-09-15 22:53:33,,,,,
pay_000009018235,M74389584,timing_captured_after_cutoff,False,24901,24901,,2025-09-15 18:54:22,,,,,
pay_000009018236,M42015979,timing_captured_after_cutoff,False,19988,19988,,2025-09-15 18:30:18,,,,,
pay_000009018237,M96342512,timing_captured_after_cutoff,False,150058,150058,,2025-09-15 20:20:52,,,,,
pay_000009018238,M89139629,timing_captured_after_cutoff,False,49903,49903,,2025-09-15 23:01:07,,,,,
pay_000009018239,M33446807,timing_captured_after_cutoff,False,349914,349914,,2025-09-15 23:13:15,,,,,
pay_000009018240,M39637009,timing_captured_after_cutoff,False,1249954,1249954,,2025-09-15 20:16:50,,,,,
pay_000009018241,M64145453,timing_captured_after_cutoff,False,349928,349928,,2025-09-15 18:03:05,,,,,
pay_000009018242,M29800659,timing_captured_after_cutoff,False,99908,99908,,2025-09-15 20:32:54,,,,,
pay_000009018243,M49496509,timing_captured_after_cutoff,False,49989,49989,,2025-09-15 23:38:20,,,,,
pay_000009018244,M23926979,timing_captured_after_cutoff,False,49984,49984,,2025-09-15 20:31:58,,,,,
pay_000009018245,M92568984,timing_captured_after_cutoff,False,99925,99925,,2025-09-15 21:13:35,,,,,
pay_000009018246,M47299138,timing_captured_after_cutoff,False,150021,150021,,2025-09-15 19:03:55,,,,,
pay_000009018247,M85695936,timing_captured_after_cutoff,False,24911,24911,,2025-09-15 19:46:28,,,,,
pay_000009018248,M28511554,timing_captured_after_cutoff,False,9946,9946,,2025-09-15 20:01:49,,,,,
pay_000009018249,M97285147,timing_captured_after_cutoff,False,24946,24946,,2025-09-15 18:17:36,,,,,
pay_000009018250,M77853702,timing_captured_after_cutoff,False,24954,24954,,2025-09-15 23:24:24,,,,,
pay_000009018251,M14460455,timing_captured_after_cutoff,False,9957,9957,,2025-09-15 19:41:27,,,,,
pay_000009018252,M54117248,timing_captured_after_cutoff,False,150076,150076,,2025-09-15 20:55:30,,,,,
pay_000009018253,M90812655,timing_captured_after_cutoff,False,19922,19922,,2025-09-15 22:32:42,,,,,
pay_000009018254,M89532034,timing_captured_after_cutoff,False,19921,19921,,2025-09-15 22:38:27,,,,,
pay_000009018255,M58602600,timing_captured_after_cutoff,False,99977,99977,,2025-09-15 20:43:13,,,,,
pay_000009018256,M36093158,timing_captured_after_cutoff,False,1249939,1249939,,2025-09-15 23:38:05,,,,,
pay_000009018257,M10167692,timing_captured_after_cutoff,False,349995,349995,,2025-09-15 19:08:09,,,,,
pay_000009018258,M20614833,timing_captured_after_cutoff,False,99987,99987,,2025-09-15 21:38:36,,,,,
pay_000009018259,M86128513,timing_captured_after_cutoff,False,150009,150009,,2025-09-15 20:22:54,,,,,
pay_000009018260,M56569368,timing_captured_after_cutoff,False,99968,99968,,2025-09-15 20:18:49,,,,,
pay_000009018261,M32854706,timing_captured_after_cutoff,False,99947,99947,,2025-09-15 20:14:36,,,,,
pay_000009018262,M44509947,timing_captured_after_cutoff,False,49914,49914,,2025-09-15 18:27:48,,,,,
pay_000009018263,M72939559,timing_captured_after_cutoff,False,24975,24975,,2025-09-15 18:53:30,,,,,
pay_000009018264,M30352926,timing_captured_after_cutoff,False,1249922,1249922,,2025-09-15 19:08:49,,,,,
pay_000009018265,M97104063,timing_captured_after_cutoff,False,24998,24998,,2025-09-15 22:41:41,,,,,
pay_000009018266,M42460996,timing_captured_after_cutoff,False,49997,49997,,2025-09-15 23:13:47,,,,,
pay_000009018267,M96590861,timing_captured_after_cutoff,False,99936,99936,,2025-09-15 21:54:14,,,,,
pay_000009018268,M37630633,timing_captured_after_cutoff,False,1249980,1249980,,2025-09-15 18:46:59,,,,,
pay_000009018269,M33463453,timing_captured_after_cutoff,False,599943,599943,,2025-09-15 19:09:19,,,,,
pay_000009018270,M52421201,timing_captured_after_cutoff,False,99927,99927,,2025-09-15 21:14:02,,,,,
pay_000009018271,M36902587,timing_captured_after_cutoff,False,349976,349976,,2025-09-15 21:07:19,,,,,
pay_000009018272,M89265581,timing_captured_after_cutoff,False,9950,9950,,2025-09-15 22:19:01,,,,,
pay_000009018273,M39637009,timing_captured_after_cutoff,False,9974,9974,,2025-09-15 18:18:59,,,,,
pay_000009018274,M25658844,timing_captured_after_cutoff,False,599993,599993,,2025-09-15 23:39:31,,,,,
pay_000009018275,M21539434,timing_captured_after_cutoff,False,19903,19903,,2025-09-15 19:41:45,,,,,
pay_000009018276,M47392676,timing_captured_after_cutoff,False,599922,599922,,2025-09-15 21:41:56,,,,,
pay_000009018277,M87248824,timing_captured_after_cutoff,False,1249916,1249916,,2025-09-15 18:58:25,,,,,
pay_000009018278,M87150816,timing_captured_after_cutoff,False,99934,99934,,2025-09-15 23:02:54,,,,,
pay_000009018279,M46127770,timing_captured_after_cutoff,False,1249979,1249979,,2025-09-15 23:42:25,,,,,
pay_000009018280,M41978779,timing_captured_after_cutoff,False,24999,24999,,2025-09-15 18:20:06,,,,,
pay_000009018281,M74389584,timing_captured_after_cutoff,False,9967,9967,,2025-09-15 23:33:26,,,,,
pay_000009018282,M79374858,timing_captured_after_cutoff,False,1249959,1249959,,2025-09-15 20:24:11,,,,,
pay_000009018283,M75150235,timing_captured_after_cutoff,False,49973,49973,,2025-09-15 18:43:31,,,,,
pay_000009018284,M85427386,timing_captured_after_cutoff,False,99957,99957,,2025-09-15 18:16:01,,,,,
pay_000009018285,M16388887,timing_captured_after_cutoff,False,9955,9955,,2025-09-15 18:47:46,,,,,
pay_000009018286,M58354812,timing_captured_after_cutoff,False,150048,150048,,2025-09-15 20:17:27,,,,,
pay_000009018287,M41404562,timing_captured_after_cutoff,False,199976,199976,,2025-09-15 19:42:18,,,,,
pay_000009018288,M50559107,timing_captured_after_cutoff,False,150068,150068,,2025-09-15 18:50:35,,,,,
pay_000009018289,M17376114,timing_captured_after_cutoff,False,1249986,1249986,,2025-09-15 19:26:31,,,,,
pay_000009018290,M16073075,timing_captured_after_cutoff,False,9907,9907,,2025-09-15 18:58:03,,,,,
pay_000009018291,M96048437,timing_captured_after_cutoff,False,349947,349947,,2025-09-15 19:28:30,,,,,
pay_000009018292,M10167692,timing_captured_after_cutoff,False,99927,99927,,2025-09-15 23:44:29,,,,,
pay_000009018293,M95262453,timing_captured_after_cutoff,False,349927,349927,,2025-09-15 23:34:10,,,,,
pay_000009018294,M79374858,timing_captured_after_cutoff,False,24909,24909,,2025-09-15 19:46:43,,,,,
pay_000009018295,M86648354,timing_captured_after_cutoff,False,349940,349940,,2025-09-15 18:33:04,,,,,
pay_000009018296,M26050621,timing_captured_after_cutoff,False,19971,19971,,2025-09-15 23:17:26,,,,,
pay_000009018297,M60222563,timing_captured_after_cutoff,False,49955,49955,,2025-09-15 21:05:30,,,,,
pay_000009018298,M42460996,timing_captured_after_cutoff,False,99919,99919,,2025-09-15 20:05:17,,,,,
pay_000009018299,M41404562,timing_captured_after_cutoff,False,150022,150022,,2025-09-15 20:49:56,,,,,
pay_000009018300,M73042576,timing_captured_after_cutoff,False,99929,99929,,2025-09-15 22:21:51,,,,,
pay_000009018301,M63947826,timing_captured_after_cutoff,False,150061,150061,,2025-09-15 23:34:57,,,,,
pay_000009018302,M44671111,timing_captured_after_cutoff,False,9985,9985,,2025-09-15 21:10:35,,,,,
pay_000009018303,M10979494,timing_captured_after_cutoff,False,99903,99903,,2025-09-15 19:03:40,,,,,
pay_000009018304,M75404338,timing_captured_after_cutoff,False,150054,150054,,2025-09-15 22:04:20,,,,,
pay_000009018305,M54117248,timing_captured_after_cutoff,False,24944,24944,,2025-09-15 19:24:43,,,,,
pay_000009018306,M77853702,timing_captured_after_cutoff,False,1249978,1249978,,2025-09-15 21:12:14,,,,,
pay_000009018307,M99281141,timing_captured_after_cutoff,False,49947,49947,,2025-09-15 21:19:40,,,,,
pay_000009018308,M68269082,timing_captured_after_cutoff,False,349971,349971,,2025-09-15 20:02:26,,,,,
pay_000009018309,M68269082,timing_captured_after_cutoff,False,24995,24995,,2025-09-15 20:02:33,,,,,
pay_000009018310,M86128513,timing_captured_after_cutoff,False,19944,19944,,2025-09-15 20:21:18,,,,,
pay_000009018311,M87299796,timing_captured_after_cutoff,False,349972,349972,,2025-09-15 19:52:38,,,,,
pay_000009018312,M26615659,timing_captured_after_cutoff,False,19927,19927,,2025-09-15 23:42:34,,,,,
pay_000009018313,M49496509,timing_captured_after_cutoff,False,49975,49975,,2025-09-15 18:38:32,,,,,
pay_000009018314,M15761217,timing_captured_after_cutoff,False,599931,599931,,2025-09-15 20:45:30,,,,,
pay_000009018315,M18284434,timing_captured_after_cutoff,False,150001,150001,,2025-09-15 21:52:09,,,,,
pay_000009018316,M43796998,timing_captured_after_cutoff,False,24981,24981,,2025-09-15 23:53:14,,,,,
pay_000009018317,M33463453,timing_captured_after_cutoff,False,99970,99970,,2025-09-15 21:08:16,,,,,
pay_000009018318,M74361119,timing_captured_after_cutoff,False,149996,149996,,2025-09-15 22:12:48,,,,,
pay_000009018319,M15740429,timing_captured_after_cutoff,False,349918,349918,,2025-09-15 23:59:26,,,,,
pay_000009018320,M16836277,timing_captured_after_cutoff,False,150089,150089,,2025-09-15 18:19:19,,,,,
pay_000009018321,M30352926,timing_captured_after_cutoff,False,199934,199934,,2025-09-15 21:26:46,,,,,
pay_000009018322,M61801892,timing_captured_after_cutoff,False,1249994,1249994,,2025-09-15 20:57:41,,,,,
pay_000009018323,M47392676,timing_captured_after_cutoff,False,599913,599913,,2025-09-15 21:41:11,,,,,
pay_000009018324,M46703582,timing_captured_after_cutoff,False,150055,150055,,2025-09-15 23:18:28,,,,,
pay_000009018325,M92568984,timing_captured_after_cutoff,False,24928,24928,,2025-09-15 23:59:30,,,,,
pay_000009018326,M68911010,timing_captured_after_cutoff,False,19906,19906,,2025-09-15 23:58:47,,,,,
pay_000009018327,M53392764,timing_captured_after_cutoff,False,349952,349952,,2025-09-15 21:19:59,,,,,
pay_000009018328,M89265581,timing_captured_after_cutoff,False,199961,199961,,2025-09-15 22:57:06,,,,,
pay_000009018329,M18434450,timing_captured_after_cutoff,False,349902,349902,,2025-09-15 19:14:24,,,,,
pay_000009018330,M95352063,timing_captured_after_cutoff,False,349990,349990,,2025-09-15 21:12:35,,,,,
pay_000009018331,M10979494,timing_captured_after_cutoff,False,1249937,1249937,,2025-09-15 19:49:10,,,,,
pay_000009018332,M68224272,timing_captured_after_cutoff,False,99902,99902,,2025-09-15 20:23:16,,,,,
pay_000009018333,M21559956,timing_captured_after_cutoff,False,1249935,1249935,,2025-09-15 22:23:50,,,,,
pay_000009018334,M85721345,timing_captured_after_cutoff,False,150077,150077,,2025-09-15 19:00:50,,,,,
pay_000009018335,M23521588,timing_captured_after_cutoff,False,599903,599903,,2025-09-15 18:29:37,,,,,
pay_000009018336,M65502006,timing_captured_after_cutoff,False,349913,349913,,2025-09-15 23:56:40,,,,,
pay_000009018337,M41193306,timing_captured_after_cutoff,False,99907,99907,,2025-09-15 21:05:56,,,,,
pay_000009018338,M16172155,timing_captured_after_cutoff,False,349942,349942,,2025-09-15 19:56:15,,,,,
pay_000009018339,M18434450,timing_captured_after_cutoff,False,24997,24997,,2025-09-15 23:32:42,,,,,
pay_000009018340,M30644274,timing_captured_after_cutoff,False,99921,99921,,2025-09-15 21:47:53,,,,,
pay_000009018341,M15740429,timing_captured_after_cutoff,False,99985,99985,,2025-09-15 21:59:11,,,,,
pay_000009018342,M94643657,timing_captured_after_cutoff,False,24966,24966,,2025-09-15 23:14:56,,,,,
pay_000009018343,M26065962,timing_captured_after_cutoff,False,24955,24955,,2025-09-15 19:44:57,,,,,
pay_000009018344,M83433129,timing_captured_after_cutoff,False,19951,19951,,2025-09-15 19:29:07,,,,,
pay_000009018345,M15195561,timing_captured_after_cutoff,False,24911,24911,,2025-09-15 22:25:33,,,,,
pay_000009018346,M71867858,timing_captured_after_cutoff,False,599955,599955,,2025-09-15 20:43:12,,,,,
pay_000009018347,M86128513,timing_captured_after_cutoff,False,599922,599922,,2025-09-15 20:49:29,,,,,
pay_000009018348,M28511554,timing_captured_after_cutoff,False,9982,9982,,2025-09-15 19:14:58,,,,,
pay_000009018349,M58602600,timing_captured_after_cutoff,False,49956,49956,,2025-09-15 19:09:14,,,,,
pay_000009018350,M43868403,timing_captured_after_cutoff,False,1249989,1249989,,2025-09-15 23:16:39,,,,,
pay_000009018351,M52421201,timing_captured_after_cutoff,False,9986,9986,,2025-09-15 23:55:00,,,,,
pay_000009018352,M16836277,timing_captured_after_cutoff,False,99926,99926,,2025-09-15 21:08:44,,,,,
pay_000009018353,M72642020,timing_captured_after_cutoff,False,9915,9915,,2025-09-15 20:28:05,,,,,
pay_000009018354,M69162026,timing_captured_after_cutoff,False,49947,49947,,2025-09-15 18:42:08,,,,,
pay_000009018355,M20078985,timing_captured_after_cutoff,False,24990,24990,,2025-09-15 23:27:56,,,,,
pay_000009018356,M37085072,timing_captured_after_cutoff,False,19973,19973,,2025-09-15 20:07:03,,,,,
pay_000009018357,M61853757,timing_captured_after_cutoff,False,49906,49906,,2025-09-15 22:00:54,,,,,
pay_000009018358,M30903465,timing_captured_after_cutoff,False,599942,599942,,2025-09-15 21:41:04,,,,,
pay_000009018359,M92516134,timing_captured_after_cutoff,False,349967,349967,,2025-09-15 20:59:09,,,,,
pay_000009018360,M69744352,timing_captured_after_cutoff,False,99919,99919,,2025-09-15 23:33:16,,,,,
pay_000009018361,M16465801,timing_captured_after_cutoff,False,49915,49915,,2025-09-15 21:58:05,,,,,
pay_000009018362,M60222563,timing_captured_after_cutoff,False,19990,19990,,2025-09-15 22:41:12,,,,,
pay_000009018363,M54900510,timing_captured_after_cutoff,False,1249923,1249923,,2025-09-15 23:59:47,,,,,
pay_000009018364,M73661688,timing_captured_after_cutoff,False,9926,9926,,2025-09-15 18:14:52,,,,,
pay_000009018365,M34370788,timing_captured_after_cutoff,False,349936,349936,,2025-09-15 21:54:05,,,,,
pay_000009018366,M16112266,timing_captured_after_cutoff,False,599988,599988,,2025-09-15 18:54:46,,,,,
pay_000009018367,M77869053,timing_captured_after_cutoff,False,49966,49966,,2025-09-15 21:34:37,,,,,
pay_000009018368,M87248824,timing_captured_after_cutoff,False,150012,150012,,2025-09-15 22:51:41,,,,,
pay_000009018369,M21759404,timing_captured_after_cutoff,False,9929,9929,,2025-09-15 23:45:15,,,,,
pay_000009018370,M29579605,timing_captured_after_cutoff,False,599965,599965,,2025-09-15 19:02:47,,,,,
pay_000009018371,M98959631,timing_captured_after_cutoff,False,99921,99921,,2025-09-15 20:16:12,,,,,
pay_000009018372,M50559107,timing_captured_after_cutoff,False,99909,99909,,2025-09-15 20:35:24,,,,,
pay_000009018373,M52044167,timing_captured_after_cutoff,False,99989,99989,,2025-09-15 23:26:55,,,,,
pay_000009018374,M38859896,timing_captured_after_cutoff,False,599955,599955,,2025-09-15 20:19:26,,,,,
pay_000009018375,M39822170,timing_captured_after_cutoff,False,599921,599921,,2025-09-15 21:06:00,,,,,
pay_000009018376,M14431382,timing_captured_after_cutoff,False,24956,24956,,2025-09-15 22:25:30,,,,,
pay_000009018377,M90782036,timing_captured_after_cutoff,False,19975,19975,,2025-09-15 21:53:03,,,,,
pay_000009018378,M29564344,timing_captured_after_cutoff,False,199993,199993,,2025-09-15 21:39:15,,,,,
pay_000009018379,M87299796,timing_captured_after_cutoff,False,1249976,1249976,,2025-09-15 19:52:20,,,,,
pay_000009018380,M53341910,timing_captured_after_cutoff,False,199928,199928,,2025-09-15 19:11:36,,,,,
pay_000009018381,M90740105,timing_captured_after_cutoff,False,349936,349936,,2025-09-15 21:04:12,,,,,
pay_000009018382,M62759474,timing_captured_after_cutoff,False,599934,599934,,2025-09-15 19:27:44,,,,,
pay_000009018383,M38859896,timing_captured_after_cutoff,False,199969,199969,,2025-09-15 23:09:25,,,,,
pay_000009018384,M64483876,timing_captured_after_cutoff,False,199942,199942,,2025-09-15 19:40:04,,,,,
pay_000009018385,M10588136,timing_captured_after_cutoff,False,99952,99952,,2025-09-15 22:24:05,,,,,
pay_000009018386,M29806633,timing_captured_after_cutoff,False,599905,599905,,2025-09-15 18:25:31,,,,,
pay_000009018387,M14431382,timing_captured_after_cutoff,False,99971,99971,,2025-09-15 19:08:12,,,,,
pay_000009018388,M22868378,timing_captured_after_cutoff,False,349979,349979,,2025-09-15 22:48:52,,,,,
pay_000009018389,M73042576,timing_captured_after_cutoff,False,49973,49973,,2025-09-15 19:47:20,,,,,
pay_000009018390,M37085072,timing_captured_after_cutoff,False,24948,24948,,2025-09-15 20:07:44,,,,,
pay_000009018391,M96087378,timing_captured_after_cutoff,False,1249998,1249998,,2025-09-15 20:46:03,,,,,
pay_000009018392,M52140923,timing_captured_after_cutoff,False,349918,349918,,2025-09-15 19:25:08,,,,,
pay_000009018393,M79139260,timing_captured_after_cutoff,False,9916,9916,,2025-09-15 21:15:41,,,,,
pay_000009018394,M62759474,timing_captured_after_cutoff,False,199938,199938,,2025-09-15 18:44:48,,,,,
pay_000009018395,M87150816,timing_captured_after_cutoff,False,150066,150066,,2025-09-15 22:07:15,,,,,
pay_000009018396,M63947826,timing_captured_after_cutoff,False,150079,150079,,2025-09-15 23:58:26,,,,,
pay_000009018397,M13785608,timing_captured_after_cutoff,False,24958,24958,,2025-09-15 18:14:05,,,,,
pay_000009018398,M41193306,timing_captured_after_cutoff,False,49984,49984,,2025-09-15 23:11:27,,,,,
pay_000009018399,M46703582,timing_captured_after_cutoff,False,99903,99903,,2025-09-15 22:44:19,,,,,
pay_000009018400,M39345776,timing_captured_after_cutoff,False,19953,19953,,2025-09-15 23:03:11,,,,,
pay_000009018401,M65402463,timing_captured_after_cutoff,False,19906,19906,,2025-09-15 21:53:27,,,,,
pay_000009018402,M27814328,timing_captured_after_cutoff,False,49978,49978,,2025-09-15 18:25:12,,,,,
pay_000009018403,M85721345,timing_captured_after_cutoff,False,599923,599923,,2025-09-15 23:35:45,,,,,
pay_000009018404,M81492094,timing_captured_after_cutoff,False,599983,599983,,2025-09-15 22:40:59,,,,,
pay_000009018405,M79139260,timing_captured_after_cutoff,False,19966,19966,,2025-09-15 19:27:31,,,,,
pay_000009018406,M87299796,timing_captured_after_cutoff,False,24928,24928,,2025-09-15 19:14:58,,,,,
pay_000009018407,M53341910,timing_captured_after_cutoff,False,150027,150027,,2025-09-15 21:35:46,,,,,
pay_000009018408,M89139629,timing_captured_after_cutoff,False,9962,9962,,2025-09-15 20:38:59,,,,,
pay_000009018409,M37957105,timing_captured_after_cutoff,False,19924,19924,,2025-09-15 22:11:34,,,,,
pay_000009018410,M36902587,timing_captured_after_cutoff,False,150055,150055,,2025-09-15 23:53:49,,,,,
pay_000009018411,M97285147,timing_captured_after_cutoff,False,9955,9955,,2025-09-15 19:10:46,,,,,
pay_000009018412,M77086075,timing_captured_after_cutoff,False,9939,9939,,2025-09-15 22:46:07,,,,,
pay_000009018413,M58354812,timing_captured_after_cutoff,False,19934,19934,,2025-09-15 20:56:40,,,,,
pay_000009018414,M66426710,timing_captured_after_cutoff,False,49967,49967,,2025-09-15 18:44:29,,,,,
pay_000009018415,M60538494,timing_captured_after_cutoff,False,24905,24905,,2025-09-15 21:20:34,,,,,
pay_000009018416,M66585753,timing_captured_after_cutoff,False,1249926,1249926,,2025-09-15 23:14:54,,,,,
pay_000009018417,M88604491,timing_captured_after_cutoff,False,599986,599986,,2025-09-15 20:37:13,,,,,
pay_000009018418,M22868378,timing_captured_after_cutoff,False,49925,49925,,2025-09-15 23:24:07,,,,,
pay_000009018419,M91408484,timing_captured_after_cutoff,False,49902,49902,,2025-09-15 22:34:15,,,,,
pay_000009018420,M57133530,timing_captured_after_cutoff,False,599992,599992,,2025-09-15 21:57:58,,,,,
pay_000009018421,M85602508,timing_captured_after_cutoff,False,49980,49980,,2025-09-15 22:39:49,,,,,
pay_000009018422,M86518900,timing_captured_after_cutoff,False,199995,199995,,2025-09-15 19:18:54,,,,,
pay_000009018423,M36093158,timing_captured_after_cutoff,False,1249964,1249964,,2025-09-15 19:00:16,,,,,
pay_000009018424,M76671061,timing_captured_after_cutoff,False,349981,349981,,2025-09-15 21:11:32,,,,,
pay_000009018425,M66546635,timing_captured_after_cutoff,False,19918,19918,,2025-09-15 20:24:31,,,,,
pay_000009018426,M28995152,timing_captured_after_cutoff,False,199910,199910,,2025-09-15 23:30:52,,,,,
pay_000009018427,M18268712,timing_captured_after_cutoff,False,199969,199969,,2025-09-15 18:12:28,,,,,
pay_000009018428,M65473271,timing_captured_after_cutoff,False,599985,599985,,2025-09-15 18:19:58,,,,,
pay_000009018429,M38650464,timing_captured_after_cutoff,False,599925,599925,,2025-09-15 20:20:47,,,,,
pay_000009018430,M66651069,timing_captured_after_cutoff,False,19930,19930,,2025-09-15 21:37:21,,,,,
pay_000009018431,M75683903,timing_captured_after_cutoff,False,150038,150038,,2025-09-15 19:39:35,,,,,
pay_000009018432,M57133530,timing_captured_after_cutoff,False,199982,199982,,2025-09-15 19:24:47,,,,,
pay_000009018433,M21483065,timing_captured_after_cutoff,False,24933,24933,,2025-09-15 20:48:05,,,,,
pay_000009018434,M78334970,timing_captured_after_cutoff,False,599932,599932,,2025-09-15 19:40:49,,,,,
pay_000009018435,M73224578,timing_captured_after_cutoff,False,599962,599962,,2025-09-15 21:16:32,,,,,
pay_000009018436,M30518426,timing_captured_after_cutoff,False,9996,9996,,2025-09-15 19:56:42,,,,,
pay_000009018437,M60820053,timing_captured_after_cutoff,False,19941,19941,,2025-09-15 19:40:06,,,,,
pay_000009018438,M77086075,timing_captured_after_cutoff,False,99903,99903,,2025-09-15 20:33:42,,,,,
pay_000009018439,M70964452,timing_captured_after_cutoff,False,349972,349972,,2025-09-15 22:04:08,,,,,
pay_000009018440,M83633800,timing_captured_after_cutoff,False,599964,599964,,2025-09-15 23:13:15,,,,,
pay_000009018441,M16465801,timing_captured_after_cutoff,False,1249992,1249992,,2025-09-15 20:03:10,,,,,
pay_000009018442,M21539434,timing_captured_after_cutoff,False,99965,99965,,2025-09-15 18:46:57,,,,,
pay_000009018443,M64222594,timing_captured_after_cutoff,False,19928,19928,,2025-09-15 20:21:23,,,,,
pay_000009018444,M24936480,timing_captured_after_cutoff,False,99901,99901,,2025-09-15 21:04:12,,,,,
pay_000009018445,M52421201,timing_captured_after_cutoff,False,19917,19917,,2025-09-15 19:33:38,,,,,
pay_000009018446,M14690350,timing_captured_after_cutoff,False,199966,199966,,2025-09-15 21:00:53,,,,,
pay_000009018447,M38859896,timing_captured_after_cutoff,False,349980,349980,,2025-09-15 19:11:24,,,,,
pay_000009018448,M27772451,timing_captured_after_cutoff,False,19970,19970,,2025-09-15 23:08:38,,,,,
pay_000009018449,M14460455,timing_captured_after_cutoff,False,349945,349945,,2025-09-15 22:10:03,,,,,
pay_000009018450,M85721345,timing_captured_after_cutoff,False,349943,349943,,2025-09-15 19:37:04,,,,,
pay_000009018451,M42015979,timing_captured_after_cutoff,False,9972,9972,,2025-09-15 23:30:31,,,,,
pay_000009018452,M44343181,timing_captured_after_cutoff,False,24930,24930,,2025-09-15 23:40:52,,,,,
pay_000009018453,M28381552,timing_captured_after_cutoff,False,199975,199975,,2025-09-15 20:18:51,,,,,
pay_000009018454,M65003880,timing_captured_after_cutoff,False,49997,49997,,2025-09-15 19:06:53,,,,,
pay_000009018455,M16499077,timing_captured_after_cutoff,False,349914,349914,,2025-09-15 20:06:04,,,,,
pay_000009018456,M68534118,timing_captured_after_cutoff,False,150002,150002,,2025-09-15 19:46:59,,,,,
pay_000009018457,M96168313,timing_captured_after_cutoff,False,99939,99939,,2025-09-15 20:50:32,,,,,
pay_000009018458,M66518730,timing_captured_after_cutoff,False,599923,599923,,2025-09-15 20:11:18,,,,,
pay_000009018459,M72642020,timing_captured_after_cutoff,False,599996,599996,,2025-09-15 18:28:02,,,,,
pay_000009018460,M99972391,timing_captured_after_cutoff,False,150085,150085,,2025-09-15 19:49:24,,,,,
pay_000009018461,M68911010,timing_captured_after_cutoff,False,599903,599903,,2025-09-15 22:20:28,,,,,
pay_000009018462,M10588136,timing_captured_after_cutoff,False,150010,150010,,2025-09-15 20:46:55,,,,,
pay_000009018463,M55985970,timing_captured_after_cutoff,False,24983,24983,,2025-09-15 23:06:33,,,,,
pay_000009018464,M29076317,timing_captured_after_cutoff,False,349911,349911,,2025-09-15 19:08:32,,,,,
pay_000009018465,M96048437,timing_captured_after_cutoff,False,199921,199921,,2025-09-15 21:50:14,,,,,
pay_000009018466,M64065189,timing_captured_after_cutoff,False,1249954,1249954,,2025-09-15 20:12:47,,,,,
pay_000009018467,M19611772,timing_captured_after_cutoff,False,599982,599982,,2025-09-15 23:30:38,,,,,
pay_000009018468,M56569368,timing_captured_after_cutoff,False,99908,99908,,2025-09-15 18:13:40,,,,,
pay_000009018469,M38543824,timing_captured_after_cutoff,False,1249908,1249908,,2025-09-15 23:24:03,,,,,
pay_000009018470,M31108700,timing_captured_after_cutoff,False,199964,199964,,2025-09-15 18:30:13,,,,,
pay_000009018471,M71850959,timing_captured_after_cutoff,False,99902,99902,,2025-09-15 20:37:15,,,,,
pay_000009018472,M23926979,timing_captured_after_cutoff,False,99925,99925,,2025-09-15 23:16:09,,,,,
pay_000009018473,M71324249,timing_captured_after_cutoff,False,24964,24964,,2025-09-15 21:55:39,,,,,
pay_000009018474,M85602508,timing_captured_after_cutoff,False,24953,24953,,2025-09-15 23:45:29,,,,,
pay_000009018475,M16465801,timing_captured_after_cutoff,False,24920,24920,,2025-09-15 20:41:54,,,,,
pay_000009018476,M25550771,timing_captured_after_cutoff,False,24967,24967,,2025-09-15 21:13:33,,,,,
pay_000009018477,M41193306,timing_captured_after_cutoff,False,199934,199934,,2025-09-15 22:19:20,,,,,
pay_000009018478,M26050621,timing_captured_after_cutoff,False,199953,199953,,2025-09-15 18:57:17,,,,,
pay_000009018479,M97416324,timing_captured_after_cutoff,False,19951,19951,,2025-09-15 23:54:16,,,,,
pay_000009018480,M41919033,timing_captured_after_cutoff,False,199942,199942,,2025-09-15 23:35:47,,,,,
pay_000009018481,M27814328,timing_captured_after_cutoff,False,49992,49992,,2025-09-15 18:45:33,,,,,
pay_000009018482,M17935299,timing_captured_after_cutoff,False,49920,49920,,2025-09-15 21:06:56,,,,,
pay_000009018483,M50559107,timing_captured_after_cutoff,False,24990,24990,,2025-09-15 20:20:53,,,,,
pay_000009018484,M49098767,timing_captured_after_cutoff,False,49975,49975,,2025-09-15 19:28:32,,,,,
pay_000009018485,M91408484,timing_captured_after_cutoff,False,1249975,1249975,,2025-09-15 23:18:15,,,,,
pay_000009018486,M20149284,timing_captured_after_cutoff,False,9984,9984,,2025-09-15 19:14:14,,,,,
pay_000009018487,M65805815,timing_captured_after_cutoff,False,349947,349947,,2025-09-15 21:05:09,,,,,
pay_000009018488,M73661688,timing_captured_after_cutoff,False,199930,199930,,2025-09-15 23:54:00,,,,,
pay_000009018489,M84980419,timing_captured_after_cutoff,False,599930,599930,,2025-09-15 21:13:29,,,,,
pay_000009018490,M83487104,timing_captured_after_cutoff,False,99901,99901,,2025-09-15 22:25:23,,,,,
pay_000009018491,M79374858,timing_captured_after_cutoff,False,150035,150035,,2025-09-15 18:01:53,,,,,
pay_000009018492,M29800659,timing_captured_after_cutoff,False,1249949,1249949,,2025-09-15 23:57:21,,,,,
pay_000009018493,M20514625,timing_captured_after_cutoff,False,99984,99984,,2025-09-15 18:57:53,,,,,
pay_000009018494,M37085072,timing_captured_after_cutoff,False,99964,99964,,2025-09-15 23:10:09,,,,,
pay_000009018495,M96087378,timing_captured_after_cutoff,False,99909,99909,,2025-09-15 19:44:34,,,,,
pay_000009018496,M21804718,timing_captured_after_cutoff,False,1249911,1249911,,2025-09-15 18:30:55,,,,,
pay_000009018497,M39345776,timing_captured_after_cutoff,False,99963,99963,,2025-09-15 23:27:00,,,,,
pay_000009018498,M84613085,timing_captured_after_cutoff,False,24951,24951,,2025-09-15 23:26:17,,,,,
pay_000009018499,M45044006,timing_captured_after_cutoff,False,349999,349999,,2025-09-15 21:21:16,,,,,
pay_000009018500,M77086075,timing_captured_after_cutoff,False,24973,24973,,2025-09-15 23:39:53,,,,,
pay_000009018501,M87227280,timing_captured_after_cutoff,False,599945,599945,,2025-09-15 18:39:05,,,,,
pay_000009018502,M49496509,timing_captured_after_cutoff,False,19928,19928,,2025-09-15 21:29:01,,,,,
pay_000009018503,M79019281,timing_captured_after_cutoff,False,599955,599955,,2025-09-15 21:20:19,,,,,
pay_000009018504,M54740498,timing_captured_after_cutoff,False,199904,199904,,2025-09-15 19:10:41,,,,,
pay_000009018505,M64222594,timing_captured_after_cutoff,False,99933,99933,,2025-09-15 19:47:50,,,,,
pay_000009018506,M35794029,timing_captured_after_cutoff,False,1249991,1249991,,2025-09-15 18:11:23,,,,,
pay_000009018507,M41452943,timing_captured_after_cutoff,False,1249954,1249954,,2025-09-15 21:35:37,,,,,
pay_000009018508,M56569368,timing_captured_after_cutoff,False,99932,99932,,2025-09-15 18:45:03,,,,,
pay_000009018509,M34340583,timing_captured_after_cutoff,False,99995,99995,,2025-09-15 19:00:18,,,,,
pay_000009018510,M26065962,timing_captured_after_cutoff,False,24915,24915,,2025-09-15 20:39:32,,,,,
pay_000009018511,M49279774,timing_captured_after_cutoff,False,9967,9967,,2025-09-15 22:15:50,,,,,
pay_000009018512,M66585753,timing_captured_after_cutoff,False,99902,99902,,2025-09-15 20:08:34,,,,,
pay_000009018513,M97115569,timing_captured_after_cutoff,False,49973,49973,,2025-09-15 19:08:15,,,,,
pay_000009018514,M54920657,timing_captured_after_cutoff,False,99988,99988,,2025-09-15 18:59:31,,,,,
pay_000009018515,M43796998,timing_captured_after_cutoff,False,149992,149992,,2025-09-15 21:11:30,,,,,
pay_000009018516,M53181122,timing_captured_after_cutoff,False,99995,99995,,2025-09-15 20:11:37,,,,,
pay_000009018517,M64483876,timing_captured_after_cutoff,False,49935,49935,,2025-09-15 20:51:46,,,,,
pay_000009018518,M10588136,timing_captured_after_cutoff,False,150017,150017,,2025-09-15 21:40:37,,,,,
pay_000009018519,M75404338,timing_captured_after_cutoff,False,199958,199958,,2025-09-15 22:34:29,,,,,
pay_000009018520,M28511554,timing_captured_after_cutoff,False,349964,349964,,2025-09-15 22:36:57,,,,,
pay_000009018521,M16388887,timing_captured_after_cutoff,False,150081,150081,,2025-09-15 18:10:38,,,,,
pay_000009018522,M84959366,timing_captured_after_cutoff,False,1249991,1249991,,2025-09-15 21:24:27,,,,,
pay_000009018523,M98793572,timing_captured_after_cutoff,False,99979,99979,,2025-09-15 19:20:57,,,,,
pay_000009018524,M84288565,timing_captured_after_cutoff,False,1249991,1249991,,2025-09-15 21:46:51,,,,,
pay_000009018525,M86171298,timing_captured_after_cutoff,False,199946,199946,,2025-09-15 20:03:48,,,,,
pay_000009018526,M90740105,timing_captured_after_cutoff,False,24904,24904,,2025-09-15 19:11:27,,,,,
pay_000009018527,M72680054,timing_captured_after_cutoff,False,99992,99992,,2025-09-15 19:32:42,,,,,
pay_000009018528,M68224272,timing_captured_after_cutoff,False,9954,9954,,2025-09-15 23:32:39,,,,,
pay_000009018529,M10588136,timing_captured_after_cutoff,False,1249925,1249925,,2025-09-15 21:58:12,,,,,
pay_000009018530,M66557825,timing_captured_after_cutoff,False,9956,9956,,2025-09-15 21:45:14,,,,,
pay_000009018531,M27792377,timing_captured_after_cutoff,False,599961,599961,,2025-09-15 18:34:34,,,,,
pay_000009018532,M94258056,timing_captured_after_cutoff,False,349939,349939,,2025-09-15 21:50:53,,,,,
pay_000009018533,M49186036,timing_captured_after_cutoff,False,599901,599901,,2025-09-15 19:35:32,,,,,
pay_000009018534,M45458756,timing_captured_after_cutoff,False,199954,199954,,2025-09-15 23:49:30,,,,,
pay_000009018535,M31183408,timing_captured_after_cutoff,False,1249982,1249982,,2025-09-15 22:37:49,,,,,
pay_000009018536,M42427010,timing_captured_after_cutoff,False,9930,9930,,2025-09-15 18:56:25,,,,,
pay_000009018537,M42015979,timing_captured_after_cutoff,False,19922,19922,,2025-09-15 23:28:29,,,,,
pay_000009018538,M61853757,timing_captured_after_cutoff,False,9922,9922,,2025-09-15 21:36:29,,,,,
pay_000009018539,M83577785,timing_captured_after_cutoff,False,1249977,1249977,,2025-09-15 20:30:09,,,,,
pay_000009018540,M52952608,timing_captured_after_cutoff,False,349980,349980,,2025-09-15 19:08:58,,,,,
pay_000009018541,M26087418,timing_captured_after_cutoff,False,1249961,1249961,,2025-09-15 22:33:37,,,,,
pay_000009018542,M39637009,timing_captured_after_cutoff,False,19979,19979,,2025-09-15 23:06:24,,,,,
pay_000009018543,M77086075,timing_captured_after_cutoff,False,150087,150087,,2025-09-15 21:29:22,,,,,
pay_000009018544,M40653891,timing_captured_after_cutoff,False,9983,9983,,2025-09-15 19:31:36,,,,,
pay_000009018545,M41616697,timing_captured_after_cutoff,False,99958,99958,,2025-09-15 19:16:43,,,,,
pay_000009018546,M33446807,timing_captured_after_cutoff,False,199955,199955,,2025-09-15 20:48:39,,,,,
pay_000009018547,M22868378,timing_captured_after_cutoff,False,199907,199907,,2025-09-15 21:38:09,,,,,
pay_000009018548,M49098767,timing_captured_after_cutoff,False,1249926,1249926,,2025-09-15 18:17:54,,,,,
pay_000009018549,M76002579,timing_captured_after_cutoff,False,1249936,1249936,,2025-09-15 21:39:30,,,,,
pay_000009018550,M56234030,timing_captured_after_cutoff,False,9945,9945,,2025-09-15 19:51:43,,,,,
pay_000009018551,M20614833,timing_captured_after_cutoff,False,19991,19991,,2025-09-15 20:03:15,,,,,
pay_000009018552,M39793016,timing_captured_after_cutoff,False,19907,19907,,2025-09-15 20:19:33,,,,,
pay_000009018553,M19051462,timing_captured_after_cutoff,False,19941,19941,,2025-09-15 20:10:35,,,,,
pay_000009018554,M83633800,timing_captured_after_cutoff,False,49937,49937,,2025-09-15 22:56:24,,,,,
pay_000009018555,M83577785,timing_captured_after_cutoff,False,599975,599975,,2025-09-15 22:44:17,,,,,
pay_000009018556,M27814328,timing_captured_after_cutoff,False,150083,150083,,2025-09-15 21:04:30,,,,,
pay_000009018557,M88447569,timing_captured_after_cutoff,False,49936,49936,,2025-09-15 20:29:53,,,,,
pay_000009018558,M95735003,timing_captured_after_cutoff,False,150009,150009,,2025-09-15 22:05:35,,,,,
pay_000009018559,M83433129,timing_captured_after_cutoff,False,199962,199962,,2025-09-15 20:11:53,,,,,
pay_000009018560,M52696841,timing_captured_after_cutoff,False,49975,49975,,2025-09-15 20:41:35,,,,,
pay_000009018561,M21765446,timing_captured_after_cutoff,False,49994,49994,,2025-09-15 19:56:34,,,,,
pay_000009018562,M63947826,timing_captured_after_cutoff,False,1249963,1249963,,2025-09-15 23:06:58,,,,,
pay_000009018563,M62759474,timing_captured_after_cutoff,False,599989,599989,,2025-09-15 20:06:15,,,,,
pay_000009018564,M10979494,timing_captured_after_cutoff,False,99902,99902,,2025-09-15 20:02:33,,,,,
pay_000009018565,M19532942,timing_captured_after_cutoff,False,349905,349905,,2025-09-15 19:40:30,,,,,
pay_000009018566,M47755577,timing_captured_after_cutoff,False,599927,599927,,2025-09-15 18:10:56,,,,,
pay_000009018567,M43868403,timing_captured_after_cutoff,False,9928,9928,,2025-09-15 21:53:36,,,,,
pay_000009018568,M47755577,timing_captured_after_cutoff,False,19908,19908,,2025-09-15 21:00:31,,,,,
pay_000009018569,M21436096,timing_captured_after_cutoff,False,99906,99906,,2025-09-15 19:20:25,,,,,
pay_000009018570,M59450351,timing_captured_after_cutoff,False,49938,49938,,2025-09-15 22:05:07,,,,,
pay_000009018571,M29564344,timing_captured_after_cutoff,False,1249978,1249978,,2025-09-15 22:27:23,,,,,
pay_000009018572,M56448641,timing_captured_after_cutoff,False,599926,599926,,2025-09-15 21:21:41,,,,,
pay_000009018573,M30903465,timing_captured_after_cutoff,False,19993,19993,,2025-09-15 20:43:43,,,,,
pay_000009018574,M68989250,timing_captured_after_cutoff,False,49908,49908,,2025-09-15 19:27:49,,,,,
pay_000009018575,M73224578,timing_captured_after_cutoff,False,149998,149998,,2025-09-15 18:43:44,,,,,
pay_000009018576,M32854706,timing_captured_after_cutoff,False,99943,99943,,2025-09-15 19:15:50,,,,,
pay_000009018577,M35438140,timing_captured_after_cutoff,False,24943,24943,,2025-09-15 19:26:33,,,,,
pay_000009018578,M16073075,timing_captured_after_cutoff,False,99951,99951,,2025-09-15 20:35:32,,,,,
pay_000009018579,M98793572,timing_captured_after_cutoff,False,150068,150068,,2025-09-15 21:34:55,,,,,
pay_000009018580,M62892072,timing_captured_after_cutoff,False,150021,150021,,2025-09-15 18:44:31,,,,,
pay_000009018581,M40749958,timing_captured_after_cutoff,False,24929,24929,,2025-09-15 18:43:16,,,,,
pay_000009018582,M74507365,timing_captured_after_cutoff,False,150018,150018,,2025-09-15 19:19:15,,,,,
pay_000009018583,M80608304,timing_captured_after_cutoff,False,199949,199949,,2025-09-15 21:17:15,,,,,
pay_000009018584,M34340583,timing_captured_after_cutoff,False,99927,99927,,2025-09-15 23:25:34,,,,,
pay_000009018585,M72809088,timing_captured_after_cutoff,False,99957,99957,,2025-09-15 22:00:23,,,,,
pay_000009018586,M26065962,timing_captured_after_cutoff,False,24950,24950,,2025-09-15 23:10:14,,,,,
pay_000009018587,M18268712,timing_captured_after_cutoff,False,599939,599939,,2025-09-15 19:42:52,,,,,
pay_000009018588,M41616697,timing_captured_after_cutoff,False,24956,24956,,2025-09-15 19:38:22,,,,,
pay_000009018589,M58354812,timing_captured_after_cutoff,False,599940,599940,,2025-09-15 18:47:17,,,,,
pay_000009018590,M66651069,timing_captured_after_cutoff,False,19938,19938,,2025-09-15 23:19:47,,,,,
pay_000009018591,M81492094,timing_captured_after_cutoff,False,9953,9953,,2025-09-15 23:52:52,,,,,
pay_000009018592,M27814328,timing_captured_after_cutoff,False,49942,49942,,2025-09-15 20:31:54,,,,,
pay_000009018593,M66426710,timing_captured_after_cutoff,False,1249925,1249925,,2025-09-15 18:07:48,,,,,
pay_000009018594,M28995152,timing_captured_after_cutoff,False,199985,199985,,2025-09-15 19:38:15,,,,,
pay_000009018595,M65502006,timing_captured_after_cutoff,False,24954,24954,,2025-09-15 22:16:52,,,,,
pay_000009018596,M41919033,timing_captured_after_cutoff,False,9919,9919,,2025-09-15 18:48:42,,,,,
pay_000009018597,M20702981,timing_captured_after_cutoff,False,99944,99944,,2025-09-15 18:07:43,,,,,
pay_000009018598,M34005993,timing_captured_after_cutoff,False,199906,199906,,2025-09-15 20:30:49,,,,,
pay_000009018599,M39086478,timing_captured_after_cutoff,False,149991,149991,,2025-09-15 21:43:45,,,,,
pay_000009018600,M46127770,timing_captured_after_cutoff,False,24981,24981,,2025-09-15 22:43:55,,,,,
pay_000009018601,M77086075,timing_captured_after_cutoff,False,349977,349977,,2025-09-15 22:23:33,,,,,
pay_000009018602,M16388887,timing_captured_after_cutoff,False,9954,9954,,2025-09-15 22:39:40,,,,,
pay_000009018603,M49098767,timing_captured_after_cutoff,False,99973,99973,,2025-09-15 23:17:29,,,,,
pay_000009018604,M31183408,timing_captured_after_cutoff,False,19946,19946,,2025-09-15 20:39:33,,,,,
pay_000009018605,M28990984,timing_captured_after_cutoff,False,599981,599981,,2025-09-15 19:35:42,,,,,
pay_000009018606,M15319619,timing_captured_after_cutoff,False,49916,49916,,2025-09-15 18:26:22,,,,,
pay_000009018607,M60343451,timing_captured_after_cutoff,False,19910,19910,,2025-09-15 20:00:34,,,,,
pay_000009018608,M29564344,timing_captured_after_cutoff,False,24953,24953,,2025-09-15 18:01:55,,,,,
pay_000009018609,M73042576,timing_captured_after_cutoff,False,24974,24974,,2025-09-15 22:40:01,,,,,
pay_000009018610,M29636122,timing_captured_after_cutoff,False,99944,99944,,2025-09-15 21:27:18,,,,,
pay_000009018611,M12658103,timing_captured_after_cutoff,False,24925,24925,,2025-09-15 22:47:34,,,,,
pay_000009018612,M55601366,timing_captured_after_cutoff,False,49912,49912,,2025-09-15 22:42:52,,,,,
pay_000009018613,M39822170,timing_captured_after_cutoff,False,24980,24980,,2025-09-15 18:12:15,,,,,
pay_000009018614,M28381552,timing_captured_after_cutoff,False,99965,99965,,2025-09-15 20:52:47,,,,,
pay_000009018615,M68779434,timing_captured_after_cutoff,False,9950,9950,,2025-09-15 22:40:12,,,,,
pay_000009018616,M20702981,timing_captured_after_cutoff,False,49981,49981,,2025-09-15 19:44:28,,,,,
pay_000009018617,M89074272,timing_captured_after_cutoff,False,24976,24976,,2025-09-15 21:19:06,,,,,
pay_000009018618,M72642020,timing_captured_after_cutoff,False,19945,19945,,2025-09-15 18:11:22,,,,,
pay_000009018619,M24936480,timing_captured_after_cutoff,False,49963,49963,,2025-09-15 22:14:53,,,,,
pay_000009018620,M68621284,timing_captured_after_cutoff,False,99951,99951,,2025-09-15 19:04:07,,,,,
pay_000009018621,M26065962,timing_captured_after_cutoff,False,349963,349963,,2025-09-15 18:29:30,,,,,
pay_000009018622,M95138410,timing_captured_after_cutoff,False,49995,49995,,2025-09-15 23:53:17,,,,,
pay_000009018623,M53181122,timing_captured_after_cutoff,False,150062,150062,,2025-09-15 22:10:48,,,,,
pay_000009018624,M44098401,timing_captured_after_cutoff,False,349911,349911,,2025-09-15 22:39:02,,,,,
pay_000009018625,M44671111,timing_captured_after_cutoff,False,99982,99982,,2025-09-15 21:54:22,,,,,
pay_000009018626,M19051462,timing_captured_after_cutoff,False,49934,49934,,2025-09-15 20:43:34,,,,,
pay_000009018627,M89139629,timing_captured_after_cutoff,False,599948,599948,,2025-09-15 21:33:13,,,,,
pay_000009018628,M27772451,timing_captured_after_cutoff,False,24954,24954,,2025-09-15 22:10:06,,,,,
pay_000009018629,M18268712,timing_captured_after_cutoff,False,199958,199958,,2025-09-15 21:52:19,,,,,
pay_000009018630,M88490072,timing_captured_after_cutoff,False,1249971,1249971,,2025-09-15 18:24:36,,,,,
pay_000009018631,M65502006,timing_captured_after_cutoff,False,1249986,1249986,,2025-09-15 19:25:03,,,,,
pay_000009018632,M66520117,timing_captured_after_cutoff,False,99986,99986,,2025-09-15 20:34:29,,,,,
pay_000009018633,M23189560,timing_captured_after_cutoff,False,9942,9942,,2025-09-15 20:34:38,,,,,
pay_000009018634,M93619349,timing_captured_after_cutoff,False,150077,150077,,2025-09-15 20:34:26,,,,,
pay_000009018635,M96087378,timing_captured_after_cutoff,False,349971,349971,,2025-09-15 19:05:47,,,,,
pay_000009018636,M58570562,timing_captured_after_cutoff,False,599998,599998,,2025-09-15 20:12:48,,,,,
pay_000009018637,M95548492,timing_captured_after_cutoff,False,1249915,1249915,,2025-09-15 20:53:52,,,,,
pay_000009018638,M40749958,timing_captured_after_cutoff,False,49914,49914,,2025-09-15 22:09:45,,,,,
pay_000009018639,M52140923,timing_captured_after_cutoff,False,24988,24988,,2025-09-15 19:11:00,,,,,
pay_000009018640,M54740498,timing_captured_after_cutoff,False,349995,349995,,2025-09-15 19:39:28,,,,,
pay_000009018641,M60634697,timing_captured_after_cutoff,False,150015,150015,,2025-09-15 23:34:15,,,,,
pay_000009018642,M86128513,timing_captured_after_cutoff,False,9954,9954,,2025-09-15 22:41:50,,,,,
pay_000009018643,M14214838,timing_captured_after_cutoff,False,99919,99919,,2025-09-15 22:29:31,,,,,
pay_000009018644,M53392764,timing_captured_after_cutoff,False,24950,24950,,2025-09-15 18:10:00,,,,,
pay_000009018645,M35794029,timing_captured_after_cutoff,False,9978,9978,,2025-09-15 20:28:51,,,,,
pay_000009018646,M99281141,timing_captured_after_cutoff,False,19966,19966,,2025-09-15 23:07:18,,,,,
pay_000009018647,M74361119,timing_captured_after_cutoff,False,19973,19973,,2025-09-15 20:21:25,,,,,
pay_000009018648,M61801892,timing_captured_after_cutoff,False,99952,99952,,2025-09-15 18:51:33,,,,,
pay_000009018649,M18284434,timing_captured_after_cutoff,False,99949,99949,,2025-09-15 21:27:11,,,,,
pay_000009018650,M85427386,timing_captured_after_cutoff,False,349912,349912,,2025-09-15 20:33:20,,,,,
pay_000009018651,M84980419,timing_captured_after_cutoff,False,199958,199958,,2025-09-15 22:57:09,,,,,
pay_000009018652,M92516134,timing_captured_after_cutoff,False,9981,9981,,2025-09-15 23:08:26,,,,,
pay_000009018653,M85365839,timing_captured_after_cutoff,False,1249973,1249973,,2025-09-15 19:24:55,,,,,
pay_000009018654,M24936480,timing_captured_after_cutoff,False,349907,349907,,2025-09-15 21:09:59,,,,,
pay_000009018655,M54653648,timing_captured_after_cutoff,False,199929,199929,,2025-09-15 22:47:48,,,,,
pay_000009018656,M83577785,timing_captured_after_cutoff,False,49972,49972,,2025-09-15 22:01:08,,,,,
pay_000009018657,M66632544,timing_captured_after_cutoff,False,9912,9912,,2025-09-15 19:30:34,,,,,
pay_000009018658,M85603833,timing_captured_after_cutoff,False,1249984,1249984,,2025-09-15 23:19:43,,,,,
pay_000009018659,M29636122,timing_captured_after_cutoff,False,599984,599984,,2025-09-15 18:10:24,,,,,
pay_000009018660,M98959631,timing_captured_after_cutoff,False,199927,199927,,2025-09-15 23:46:14,,,,,
pay_000009018661,M43750781,timing_captured_after_cutoff,False,1249975,1249975,,2025-09-15 19:13:06,,,,,
pay_000009018662,M16112266,timing_captured_after_cutoff,False,99940,99940,,2025-09-15 21:50:25,,,,,
pay_000009018663,M15354267,timing_captured_after_cutoff,False,19992,19992,,2025-09-15 23:00:42,,,,,
pay_000009018664,M37085072,timing_captured_after_cutoff,False,349984,349984,,2025-09-15 19:35:08,,,,,
pay_000009018665,M78845227,timing_captured_after_cutoff,False,19996,19996,,2025-09-15 18:15:58,,,,,
pay_000009018666,M54920657,timing_captured_after_cutoff,False,24946,24946,,2025-09-15 23:47:22,,,,,
pay_000009018667,M70993207,timing_captured_after_cutoff,False,199991,199991,,2025-09-15 21:23:59,,,,,
pay_000009018668,M66518730,timing_captured_after_cutoff,False,24908,24908,,2025-09-15 22:28:00,,,,,
pay_000009018669,M62892072,timing_captured_after_cutoff,False,99933,99933,,2025-09-15 18:21:47,,,,,
pay_000009018670,M30410607,timing_captured_after_cutoff,False,9997,9997,,2025-09-15 20:11:53,,,,,
pay_000009018671,M65402463,timing_captured_after_cutoff,False,1249907,1249907,,2025-09-15 19:51:59,,,,,
pay_000009018672,M32835665,timing_captured_after_cutoff,False,150085,150085,,2025-09-15 22:42:18,,,,,
pay_000009018673,M10116189,timing_captured_after_cutoff,False,24988,24988,,2025-09-15 18:12:32,,,,,
pay_000009018674,M15354267,timing_captured_after_cutoff,False,19915,19915,,2025-09-15 20:19:58,,,,,
pay_000009018675,M86669048,timing_captured_after_cutoff,False,24971,24971,,2025-09-15 19:45:01,,,,,
pay_000009018676,M91513011,timing_captured_after_cutoff,False,19995,19995,,2025-09-15 18:06:10,,,,,
pay_000009018677,M75150235,timing_captured_after_cutoff,False,24975,24975,,2025-09-15 19:40:54,,,,,
pay_000009018678,M53181122,timing_captured_after_cutoff,False,1249946,1249946,,2025-09-15 20:11:40,,,,,
pay_000009018679,M96168313,timing_captured_after_cutoff,False,9995,9995,,2025-09-15 20:54:25,,,,,
pay_000009018680,M92715158,timing_captured_after_cutoff,False,199929,199929,,2025-09-15 21:32:33,,,,,
pay_000009018681,M52696841,timing_captured_after_cutoff,False,99970,99970,,2025-09-15 21:37:54,,,,,
pay_000009018682,M31183408,timing_captured_after_cutoff,False,49989,49989,,2025-09-15 20:42:05,,,,,
pay_000009018683,M39345776,timing_captured_after_cutoff,False,19985,19985,,2025-09-15 18:52:09,,,,,
pay_000009018684,M99281141,timing_captured_after_cutoff,False,9987,9987,,2025-09-15 23:05:46,,,,,
pay_000009018685,M94258056,timing_captured_after_cutoff,False,49990,49990,,2025-09-15 21:37:15,,,,,
pay_000009018686,M18284434,timing_captured_after_cutoff,False,349973,349973,,2025-09-15 19:34:58,,,,,
pay_000009018687,M29800659,timing_captured_after_cutoff,False,49996,49996,,2025-09-15 23:37:00,,,,,
pay_000009018688,M16465801,timing_captured_after_cutoff,False,19979,19979,,2025-09-15 23:15:56,,,,,
pay_000009018689,M54920657,timing_captured_after_cutoff,False,24991,24991,,2025-09-15 18:27:46,,,,,
pay_000009018690,M79019281,timing_captured_after_cutoff,False,199947,199947,,2025-09-15 18:55:24,,,,,
pay_000009018691,M36093158,timing_captured_after_cutoff,False,19905,19905,,2025-09-15 23:08:39,,,,,
pay_000009018692,M60343451,timing_captured_after_cutoff,False,349996,349996,,2025-09-15 19:31:33,,,,,
pay_000009018693,M77869053,timing_captured_after_cutoff,False,150027,150027,,2025-09-15 23:53:06,,,,,
pay_000009018694,M91369117,timing_captured_after_cutoff,False,1249907,1249907,,2025-09-15 22:37:19,,,,,
pay_000009018695,M44671111,timing_captured_after_cutoff,False,349959,349959,,2025-09-15 18:05:37,,,,,
pay_000009018696,M42460996,timing_captured_after_cutoff,False,24993,24993,,2025-09-15 23:08:39,,,,,
pay_000009018697,M73661612,timing_captured_after_cutoff,False,199937,199937,,2025-09-15 21:10:59,,,,,
pay_000009018698,M26615659,timing_captured_after_cutoff,False,199922,199922,,2025-09-15 21:46:41,,,,,
pay_000009018699,M96342512,timing_captured_after_cutoff,False,24935,24935,,2025-09-15 23:06:10,,,,,
pay_000009018700,M95352063,timing_captured_after_cutoff,False,9942,9942,,2025-09-15 23:31:35,,,,,
pay_000009018701,M31108700,timing_captured_after_cutoff,False,1249943,1249943,,2025-09-15 20:53:58,,,,,
pay_000009018702,M24047359,timing_captured_after_cutoff,False,99914,99914,,2025-09-15 22:11:54,,,,,
pay_000009018703,M66271986,timing_captured_after_cutoff,False,149995,149995,,2025-09-15 19:19:41,,,,,
pay_000009018704,M98793572,timing_captured_after_cutoff,False,49971,49971,,2025-09-15 22:29:29,,,,,
pay_000009018705,M66546635,timing_captured_after_cutoff,False,1249963,1249963,,2025-09-15 21:02:34,,,,,
pay_000009018706,M86171298,timing_captured_after_cutoff,False,19930,19930,,2025-09-15 18:48:46,,,,,
pay_000009018707,M59450351,timing_captured_after_cutoff,False,9957,9957,,2025-09-15 18:26:59,,,,,
pay_000009018708,M95138410,timing_captured_after_cutoff,False,1249983,1249983,,2025-09-15 19:29:10,,,,,
pay_000009018709,M19051462,timing_captured_after_cutoff,False,199964,199964,,2025-09-15 18:51:34,,,,,
pay_000009018710,M99281141,timing_captured_after_cutoff,False,1249924,1249924,,2025-09-15 18:19:57,,,,,
pay_000009018711,M95735003,timing_captured_after_cutoff,False,349969,349969,,2025-09-15 18:00:33,,,,,
pay_000009018712,M26065962,timing_captured_after_cutoff,False,1249952,1249952,,2025-09-15 23:19:20,,,,,
pay_000009018713,M21804718,timing_captured_after_cutoff,False,49905,49905,,2025-09-15 21:00:17,,,,,
pay_000009018714,M18694053,timing_captured_after_cutoff,False,150071,150071,,2025-09-15 19:51:54,,,,,
pay_000009018715,M60634697,timing_captured_after_cutoff,False,9951,9951,,2025-09-15 21:14:50,,,,,
pay_000009018716,M35794029,timing_captured_after_cutoff,False,9917,9917,,2025-09-15 21:57:03,,,,,
pay_000009018717,M75916217,timing_captured_after_cutoff,False,9925,9925,,2025-09-15 21:29:16,,,,,
pay_000009018718,M53341910,timing_captured_after_cutoff,False,1249970,1249970,,2025-09-15 20:55:04,,,,,
pay_000009018719,M87299796,timing_captured_after_cutoff,False,9953,9953,,2025-09-15 21:13:07,,,,,
pay_000009018720,M86223134,timing_captured_after_cutoff,False,1249910,1249910,,2025-09-15 21:53:31,,,,,
pay_000009018721,M18284434,timing_captured_after_cutoff,False,150078,150078,,2025-09-15 20:58:11,,,,,
pay_000009018722,M68779434,timing_captured_after_cutoff,False,19950,19950,,2025-09-15 21:00:00,,,,,
pay_000009018723,M27569871,timing_captured_after_cutoff,False,99909,99909,,2025-09-15 18:07:20,,,,,
pay_000009018724,M79877744,timing_captured_after_cutoff,False,9952,9952,,2025-09-15 22:07:27,,,,,
pay_000009018725,M10979494,timing_captured_after_cutoff,False,150016,150016,,2025-09-15 19:42:17,,,,,
pay_000009018726,M83577785,timing_captured_after_cutoff,False,9976,9976,,2025-09-15 20:08:26,,,,,
pay_000009018727,M91369117,timing_captured_after_cutoff,False,599968,599968,,2025-09-15 21:56:03,,,,,
pay_000009018728,M63947826,timing_captured_after_cutoff,False,599963,599963,,2025-09-15 20:30:51,,,,,
pay_000009018729,M33463453,timing_captured_after_cutoff,False,1249977,1249977,,2025-09-15 21:56:20,,,,,
pay_000009018730,M83420677,timing_captured_after_cutoff,False,99989,99989,,2025-09-15 20:51:07,,,,,
pay_000009018731,M97115569,timing_captured_after_cutoff,False,99921,99921,,2025-09-15 20:04:58,,,,,
pay_000009018732,M66585753,timing_captured_after_cutoff,False,349990,349990,,2025-09-15 22:51:00,,,,,
pay_000009018733,M56569368,timing_captured_after_cutoff,False,99954,99954,,2025-09-15 21:33:20,,,,,
pay_000009018734,M71324249,timing_captured_after_cutoff,False,199993,199993,,2025-09-15 22:48:22,,,,,
pay_000009018735,M57133530,timing_captured_after_cutoff,False,19971,19971,,2025-09-15 19:32:38,,,,,
pay_000009018736,M30518426,timing_captured_after_cutoff,False,199989,199989,,2025-09-15 22:31:12,,,,,
pay_000009018737,M40653891,timing_captured_after_cutoff,False,24962,24962,,2025-09-15 21:36:02,,,,,
pay_000009018738,M56234030,timing_captured_after_cutoff,False,349913,349913,,2025-09-15 18:54:46,,,,,
pay_000009018739,M90812655,timing_captured_after_cutoff,False,1249964,1249964,,2025-09-15 23:23:50,,,,,
pay_000009018740,M21759404,timing_captured_after_cutoff,False,1249924,1249924,,2025-09-15 20:30:31,,,,,
pay_000009018741,M36902587,timing_captured_after_cutoff,False,199974,199974,,2025-09-15 22:56:58,,,,,
pay_000009018742,M41616697,timing_captured_after_cutoff,False,24925,24925,,2025-09-15 23:31:33,,,,,
pay_000009018743,M30903465,timing_captured_after_cutoff,False,349902,349902,,2025-09-15 18:46:46,,,,,
pay_000009018744,M87841374,timing_captured_after_cutoff,False,599963,599963,,2025-09-15 19:39:38,,,,,
pay_000009018745,M58350220,timing_captured_after_cutoff,False,24972,24972,,2025-09-15 18:44:23,,,,,
pay_000009018746,M66426710,timing_captured_after_cutoff,False,150044,150044,,2025-09-15 22:26:52,,,,,
pay_000009018747,M89587270,timing_captured_after_cutoff,False,1249900,1249900,,2025-09-15 23:24:13,,,,,
pay_000009018748,M29579605,timing_captured_after_cutoff,False,1249994,1249994,,2025-09-15 23:57:19,,,,,
pay_000009018749,M39596586,timing_captured_after_cutoff,False,49941,49941,,2025-09-15 23:52:03,,,,,
pay_000009018750,M63224010,timing_captured_after_cutoff,False,199944,199944,,2025-09-15 20:54:57,,,,,
pay_000009018751,M18593947,timing_captured_after_cutoff,False,149990,149990,,2025-09-15 23:42:00,,,,,
pay_000009018752,M38650464,timing_captured_after_cutoff,False,19942,19942,,2025-09-15 18:31:21,,,,,
pay_000009018753,M84980419,timing_captured_after_cutoff,False,19968,19968,,2025-09-15 20:06:13,,,,,
pay_000009018754,M62892072,timing_captured_after_cutoff,False,1249962,1249962,,2025-09-15 18:19:16,,,,,
pay_000009018755,M87299796,timing_captured_after_cutoff,False,19993,19993,,2025-09-15 20:35:44,,,,,
pay_000009018756,M12635293,timing_captured_after_cutoff,False,349975,349975,,2025-09-15 21:18:52,,,,,
pay_000009018757,M84288565,timing_captured_after_cutoff,False,150008,150008,,2025-09-15 20:32:25,,,,,
pay_000009018758,M92715158,timing_captured_after_cutoff,False,1249972,1249972,,2025-09-15 18:33:48,,,,,
pay_000009018759,M41404562,timing_captured_after_cutoff,False,24915,24915,,2025-09-15 21:48:13,,,,,
pay_000009018760,M43750781,timing_captured_after_cutoff,False,1249930,1249930,,2025-09-15 21:17:09,,,,,
pay_000009018761,M89074272,timing_captured_after_cutoff,False,49930,49930,,2025-09-15 21:14:00,,,,,
pay_000009018762,M16112266,timing_captured_after_cutoff,False,1249994,1249994,,2025-09-15 21:26:41,,,,,
pay_000009018763,M64902019,timing_captured_after_cutoff,False,1249974,1249974,,2025-09-15 19:28:48,,,,,
pay_000009018764,M46127770,timing_captured_after_cutoff,False,349981,349981,,2025-09-15 19:57:40,,,,,
pay_000009018765,M72680054,timing_captured_after_cutoff,False,19938,19938,,2025-09-15 21:50:12,,,,,
pay_000009018766,M35091011,timing_captured_after_cutoff,False,150032,150032,,2025-09-15 19:11:27,,,,,
pay_000009018767,M80826716,timing_captured_after_cutoff,False,150031,150031,,2025-09-15 22:29:41,,,,,
pay_000009018768,M93637695,timing_captured_after_cutoff,False,24908,24908,,2025-09-15 18:52:16,,,,,
pay_000009018769,M40749958,timing_captured_after_cutoff,False,599945,599945,,2025-09-15 22:07:10,,,,,
pay_000009018770,M12909738,timing_captured_after_cutoff,False,49965,49965,,2025-09-15 18:08:37,,,,,
pay_000009018771,M38543824,timing_captured_after_cutoff,False,349905,349905,,2025-09-15 20:25:12,,,,,
pay_000009018772,M90433865,timing_captured_after_cutoff,False,99961,99961,,2025-09-15 19:43:53,,,,,
pay_000009018773,M92715158,timing_captured_after_cutoff,False,99973,99973,,2025-09-15 18:35:20,,,,,
pay_000009018774,M68826427,timing_captured_after_cutoff,False,150060,150060,,2025-09-15 18:37:55,,,,,
pay_000009018775,M80608304,timing_captured_after_cutoff,False,150056,150056,,2025-09-15 23:41:43,,,,,
pay_000009018776,M84959366,timing_captured_after_cutoff,False,199926,199926,,2025-09-15 20:40:26,,,,,
pay_000009018777,M15219201,timing_captured_after_cutoff,False,49922,49922,,2025-09-15 20:25:21,,,,,
pay_000009018778,M60343451,timing_captured_after_cutoff,False,599979,599979,,2025-09-15 20:24:37,,,,,
pay_000009018779,M27569871,timing_captured_after_cutoff,False,150026,150026,,2025-09-15 21:42:10,,,,,
pay_000009018780,M94643657,timing_captured_after_cutoff,False,24932,24932,,2025-09-15 21:50:06,,,,,
pay_000009018781,M64483876,timing_captured_after_cutoff,False,599954,599954,,2025-09-15 20:41:33,,,,,
pay_000009018782,M62892072,timing_captured_after_cutoff,False,599967,599967,,2025-09-15 19:42:13,,,,,
pay_000009018783,M52952608,timing_captured_after_cutoff,False,24948,24948,,2025-09-15 19:57:45,,,,,
pay_000009018784,M15761217,timing_captured_after_cutoff,False,99953,99953,,2025-09-15 19:10:35,,,,,
pay_000009018785,M58570562,timing_captured_after_cutoff,False,349900,349900,,2025-09-15 20:44:00,,,,,
pay_000009018786,M61648109,timing_captured_after_cutoff,False,599927,599927,,2025-09-15 18:16:31,,,,,
pay_000009018787,M94258056,timing_captured_after_cutoff,False,599981,599981,,2025-09-15 18:15:34,,,,,
pay_000009018788,M11605963,timing_captured_after_cutoff,False,24924,24924,,2025-09-15 23:53:41,,,,,
pay_000009018789,M96342512,timing_captured_after_cutoff,False,99982,99982,,2025-09-15 23:51:03,,,,,
pay_000009018790,M86223134,timing_captured_after_cutoff,False,24972,24972,,2025-09-15 20:29:28,,,,,
pay_000009018791,M54740498,timing_captured_after_cutoff,False,599914,599914,,2025-09-15 21:24:48,,,,,
pay_000009018792,M52140923,timing_captured_after_cutoff,False,49934,49934,,2025-09-15 18:59:20,,,,,
pay_000009018793,M72939559,timing_captured_after_cutoff,False,1249941,1249941,,2025-09-15 23:22:31,,,,,
pay_000009018794,M61801892,timing_captured_after_cutoff,False,19962,19962,,2025-09-15 18:49:05,,,,,
pay_000009018795,M17376114,timing_captured_after_cutoff,False,349931,349931,,2025-09-15 19:44:44,,,,,
pay_000009018796,M13785608,timing_captured_after_cutoff,False,19973,19973,,2025-09-15 18:07:14,,,,,
pay_000009018797,M43868403,timing_captured_after_cutoff,False,99980,99980,,2025-09-15 21:13:43,,,,,
pay_000009018798,M79374858,timing_captured_after_cutoff,False,150009,150009,,2025-09-15 21:51:47,,,,,
pay_000009018799,M14460455,timing_captured_after_cutoff,False,599931,599931,,2025-09-15 23:01:19,,,,,
pay_000009018800,M90433865,timing_captured_after_cutoff,False,24930,24930,,2025-09-15 19:38:59,,,,,
pay_000009018801,M59450351,timing_captured_after_cutoff,False,24992,24992,,2025-09-15 23:49:03,,,,,
pay_000009018802,M85603833,timing_captured_after_cutoff,False,19927,19927,,2025-09-15 22:28:43,,,,,
pay_000009018803,M66339257,timing_captured_after_cutoff,False,49985,49985,,2025-09-15 19:14:40,,,,,
pay_000009018804,M92109215,timing_captured_after_cutoff,False,9992,9992,,2025-09-15 19:35:53,,,,,
pay_000009018805,M39836711,timing_captured_after_cutoff,False,599997,599997,,2025-09-15 18:29:15,,,,,
pay_000009018806,M68779434,timing_captured_after_cutoff,False,1249963,1249963,,2025-09-15 18:46:55,,,,,
pay_000009018807,M14431382,timing_captured_after_cutoff,False,49927,49927,,2025-09-15 18:46:32,,,,,
pay_000009018808,M40844779,timing_captured_after_cutoff,False,599982,599982,,2025-09-15 19:27:47,,,,,
pay_000009018809,M47755577,timing_captured_after_cutoff,False,1249924,1249924,,2025-09-15 18:03:20,,,,,
pay_000009018810,M91974410,timing_captured_after_cutoff,False,150072,150072,,2025-09-15 19:42:14,,,,,
pay_000009018811,M38650464,timing_captured_after_cutoff,False,199944,199944,,2025-09-15 19:44:23,,,,,
pay_000009018812,M21099059,timing_captured_after_cutoff,False,24931,24931,,2025-09-15 23:26:44,,,,,
pay_000009018813,M73661688,timing_captured_after_cutoff,False,599993,599993,,2025-09-15 21:24:05,,,,,
pay_000009018814,M32420428,timing_captured_after_cutoff,False,24987,24987,,2025-09-15 22:28:53,,,,,
pay_000009018815,M10588136,timing_captured_after_cutoff,False,150053,150053,,2025-09-15 18:33:34,,,,,
pay_000009018816,M64902019,timing_captured_after_cutoff,False,19923,19923,,2025-09-15 18:15:13,,,,,
pay_000009018817,M27138722,timing_captured_after_cutoff,False,1249919,1249919,,2025-09-15 21:20:31,,,,,
pay_000009018818,M52511408,timing_captured_after_cutoff,False,9933,9933,,2025-09-15 23:00:40,,,,,
pay_000009018819,M77853702,timing_captured_after_cutoff,False,1249935,1249935,,2025-09-15 19:55:21,,,,,
pay_000009018820,M65805815,timing_captured_after_cutoff,False,99902,99902,,2025-09-15 22:25:16,,,,,
pay_000009018821,M61015717,timing_captured_after_cutoff,False,599971,599971,,2025-09-15 21:01:36,,,,,
pay_000009018822,M91408484,timing_captured_after_cutoff,False,1249986,1249986,,2025-09-15 21:11:59,,,,,
pay_000009018823,M87150816,timing_captured_after_cutoff,False,599911,599911,,2025-09-15 23:50:50,,,,,
pay_000009018824,M18434450,timing_captured_after_cutoff,False,19952,19952,,2025-09-15 23:53:43,,,,,
pay_000009018825,M29800659,timing_captured_after_cutoff,False,9940,9940,,2025-09-15 18:42:14,,,,,
pay_000009018826,M49344397,timing_captured_after_cutoff,False,150025,150025,,2025-09-15 21:05:42,,,,,
pay_000009018827,M51666375,timing_captured_after_cutoff,False,19940,19940,,2025-09-15 23:02:54,,,,,
pay_000009018828,M79019281,timing_captured_after_cutoff,False,9952,9952,,2025-09-15 22:52:59,,,,,
pay_000009018829,M64222594,timing_captured_after_cutoff,False,9979,9979,,2025-09-15 23:04:13,,,,,
pay_000009018830,M22868378,timing_captured_after_cutoff,False,599959,599959,,2025-09-15 20:37:00,,,,,
pay_000009018831,M63947826,timing_captured_after_cutoff,False,199921,199921,,2025-09-15 20:23:10,,,,,
pay_000009018832,M72809088,timing_captured_after_cutoff,False,150004,150004,,2025-09-15 19:27:05,,,,,
pay_000009018833,M57068126,timing_captured_after_cutoff,False,9917,9917,,2025-09-15 20:28:26,,,,,
pay_000009018834,M76002579,timing_captured_after_cutoff,False,99955,99955,,2025-09-15 21:10:09,,,,,
pay_000009018835,M66339257,timing_captured_after_cutoff,False,49983,49983,,2025-09-15 20:32:12,,,,,
pay_000009018836,M83487104,timing_captured_after_cutoff,False,599918,599918,,2025-09-15 20:49:40,,,,,
pay_000009018837,M25925425,timing_captured_after_cutoff,False,349958,349958,,2025-09-15 20:17:51,,,,,
pay_000009018838,M87841374,timing_captured_after_cutoff,False,9941,9941,,2025-09-15 21:10:06,,,,,
pay_000009018839,M21099059,timing_captured_after_cutoff,False,99949,99949,,2025-09-15 18:33:43,,,,,
pay_000009018840,M23189560,timing_captured_after_cutoff,False,19935,19935,,2025-09-15 19:35:23,,,,,
pay_000009018841,M30410607,timing_captured_after_cutoff,False,1249960,1249960,,2025-09-15 23:50:05,,,,,
pay_000009018842,M17935299,timing_captured_after_cutoff,False,19940,19940,,2025-09-15 23:36:47,,,,,
pay_000009018843,M10116189,timing_captured_after_cutoff,False,19972,19972,,2025-09-15 22:02:15,,,,,
pay_000009018844,M37566922,timing_captured_after_cutoff,False,9953,9953,,2025-09-15 21:28:04,,,,,
pay_000009018845,M85603833,timing_captured_after_cutoff,False,1249950,1249950,,2025-09-15 22:46:04,,,,,
pay_000009018846,M73661612,timing_captured_after_cutoff,False,349931,349931,,2025-09-15 20:35:35,,,,,
pay_000009018847,M19611772,timing_captured_after_cutoff,False,599912,599912,,2025-09-15 20:59:26,,,,,
pay_000009018848,M44884581,timing_captured_after_cutoff,False,349906,349906,,2025-09-15 20:40:05,,,,,
pay_000009018849,M85427386,timing_captured_after_cutoff,False,99978,99978,,2025-09-15 23:19:01,,,,,
pay_000009018850,M37085072,timing_captured_after_cutoff,False,199953,199953,,2025-09-15 21:31:17,,,,,
pay_000009018851,M66585753,timing_captured_after_cutoff,False,49930,49930,,2025-09-15 21:07:39,,,,,
pay_000009018852,M20614833,timing_captured_after_cutoff,False,349978,349978,,2025-09-15 22:29:52,,,,,
pay_000009018853,M28511554,timing_captured_after_cutoff,False,599914,599914,,2025-09-15 18:28:29,,,,,
pay_000009018854,M36902587,timing_captured_after_cutoff,False,599905,599905,,2025-09-15 19:36:16,,,,,
pay_000009018855,M95262453,timing_captured_after_cutoff,False,9934,9934,,2025-09-15 19:20:11,,,,,
pay_000009018856,M36525071,timing_captured_after_cutoff,False,1249983,1249983,,2025-09-15 22:40:42,,,,,
pay_000009018857,M41616697,timing_captured_after_cutoff,False,9929,9929,,2025-09-15 20:13:26,,,,,
pay_000009018858,M47549642,timing_captured_after_cutoff,False,599934,599934,,2025-09-15 19:41:08,,,,,
pay_000009018859,M88490072,timing_captured_after_cutoff,False,349968,349968,,2025-09-15 18:34:30,,,,,
pay_000009018860,M88380679,timing_captured_after_cutoff,False,99935,99935,,2025-09-15 19:00:38,,,,,
pay_000009018861,M83633800,timing_captured_after_cutoff,False,49972,49972,,2025-09-15 21:02:23,,,,,
pay_000009018862,M15195561,timing_captured_after_cutoff,False,150033,150033,,2025-09-15 23:54:31,,,,,
pay_000009018863,M26522788,timing_captured_after_cutoff,False,599935,599935,,2025-09-15 20:29:51,,,,,
pay_000009018864,M54920657,timing_captured_after_cutoff,False,49908,49908,,2025-09-15 19:18:54,,,,,
pay_000009018865,M28511554,timing_captured_after_cutoff,False,24963,24963,,2025-09-15 22:15:40,,,,,
pay_000009018866,M49277527,timing_captured_after_cutoff,False,599957,599957,,2025-09-15 19:23:08,,,,,
pay_000009018867,M40844779,timing_captured_after_cutoff,False,99970,99970,,2025-09-15 18:56:42,,,,,
pay_000009018868,M34340583,timing_captured_after_cutoff,False,199939,199939,,2025-09-15 23:31:54,,,,,
pay_000009018869,M66339257,timing_captured_after_cutoff,False,49939,49939,,2025-09-15 19:51:47,,,,,
pay_000009018870,M45458756,timing_captured_after_cutoff,False,49921,49921,,2025-09-15 21:07:06,,,,,
pay_000009018871,M66585753,timing_captured_after_cutoff,False,9978,9978,,2025-09-15 18:52:11,,,,,
pay_000009018872,M93619349,timing_captured_after_cutoff,False,150016,150016,,2025-09-15 19:32:04,,,,,
pay_000009018873,M20514625,timing_captured_after_cutoff,False,99947,99947,,2025-09-15 23:51:37,,,,,
pay_000009018874,M47392676,timing_captured_after_cutoff,False,99951,99951,,2025-09-15 18:26:12,,,,,
pay_000009018875,M68779434,timing_captured_after_cutoff,False,99900,99900,,2025-09-15 20:57:26,,,,,
pay_000009018876,M39836711,timing_captured_after_cutoff,False,1249978,1249978,,2025-09-15 23:15:01,,,,,
pay_000009018877,M46703582,timing_captured_after_cutoff,False,99912,99912,,2025-09-15 19:01:39,,,,,
pay_000009018878,M97104063,timing_captured_after_cutoff,False,1249956,1249956,,2025-09-15 23:43:09,,,,,
pay_000009018879,M36525071,timing_captured_after_cutoff,False,9981,9981,,2025-09-15 19:14:35,,,,,
pay_000009018880,M39836711,timing_captured_after_cutoff,False,1249967,1249967,,2025-09-15 18:00:05,,,,,
pay_000009018881,M59694325,timing_captured_after_cutoff,False,199917,199917,,2025-09-15 18:01:51,,,,,
pay_000009018882,M73661612,timing_captured_after_cutoff,False,199926,199926,,2025-09-15 18:26:22,,,,,
pay_000009018883,M92715158,timing_captured_after_cutoff,False,49958,49958,,2025-09-15 19:11:24,,,,,
pay_000009018884,M21676693,timing_captured_after_cutoff,False,349966,349966,,2025-09-15 21:30:09,,,,,
pay_000009018885,M92715158,timing_captured_after_cutoff,False,599957,599957,,2025-09-15 19:29:33,,,,,
pay_000009018886,M24936480,timing_captured_after_cutoff,False,1249956,1249956,,2025-09-15 22:58:58,,,,,
pay_000009018887,M41193306,timing_captured_after_cutoff,False,99951,99951,,2025-09-15 18:08:30,,,,,
pay_000009018888,M47392676,timing_captured_after_cutoff,False,349900,349900,,2025-09-15 20:45:11,,,,,
pay_000009018889,M61801892,timing_captured_after_cutoff,False,150060,150060,,2025-09-15 21:34:17,,,,,
pay_000009018890,M68779434,timing_captured_after_cutoff,False,199972,199972,,2025-09-15 21:48:22,,,,,
pay_000009018891,M16112266,timing_captured_after_cutoff,False,99975,99975,,2025-09-15 21:27:37,,,,,
pay_000009018892,M14690350,timing_captured_after_cutoff,False,49992,49992,,2025-09-15 22:30:00,,,,,
pay_000009018893,M59694325,timing_captured_after_cutoff,False,349995,349995,,2025-09-15 18:16:35,,,,,
pay_000009018894,M97416324,timing_captured_after_cutoff,False,49960,49960,,2025-09-15 22:00:34,,,,,
pay_000009018895,M72569289,timing_captured_after_cutoff,False,24919,24919,,2025-09-15 20:59:43,,,,,
pay_000009018896,M20010054,timing_captured_after_cutoff,False,199909,199909,,2025-09-15 20:04:47,,,,,
pay_000009018897,M17333955,timing_captured_after_cutoff,False,19981,19981,,2025-09-15 23:03:56,,,,,
pay_000009018898,M72642020,timing_captured_after_cutoff,False,99948,99948,,2025-09-15 23:40:23,,,,,
pay_000009018899,M18434450,timing_captured_after_cutoff,False,49996,49996,,2025-09-15 23:47:57,,,,,
pay_000009018900,M64145453,timing_captured_after_cutoff,False,349992,349992,,2025-09-15 18:39:13,,,,,
pay_000009018901,M28511554,timing_captured_after_cutoff,False,1249926,1249926,,2025-09-15 18:01:54,,,,,
pay_000009018902,M20702981,timing_captured_after_cutoff,False,1249924,1249924,,2025-09-15 19:07:24,,,,,
pay_000009018903,M21099059,timing_captured_after_cutoff,False,150017,150017,,2025-09-15 19:30:00,,,,,
pay_000009018904,M24047359,timing_captured_after_cutoff,False,599936,599936,,2025-09-15 23:35:48,,,,,
pay_000009018905,M24047359,timing_captured_after_cutoff,False,19904,19904,,2025-09-15 21:31:45,,,,,
pay_000009018906,M96355121,timing_captured_after_cutoff,False,49975,49975,,2025-09-15 18:50:30,,,,,
pay_000009018907,M88447569,timing_captured_after_cutoff,False,1249902,1249902,,2025-09-15 21:17:42,,,,,
pay_000009018908,M27814328,timing_captured_after_cutoff,False,150068,150068,,2025-09-15 18:11:11,,,,,
pay_000009018909,M52511408,timing_captured_after_cutoff,False,19918,19918,,2025-09-15 20:50:12,,,,,
pay_000009018910,M23521588,timing_captured_after_cutoff,False,150072,150072,,2025-09-15 18:00:59,,,,,
pay_000009018911,M39596586,timing_captured_after_cutoff,False,99996,99996,,2025-09-15 23:01:44,,,,,
pay_000009018912,M96756171,timing_captured_after_cutoff,False,99904,99904,,2025-09-15 20:43:09,,,,,
pay_000009018913,M15354267,timing_captured_after_cutoff,False,99925,99925,,2025-09-15 23:45:54,,,,,
pay_000009018914,M16465801,timing_captured_after_cutoff,False,349917,349917,,2025-09-15 20:25:39,,,,,
pay_000009018915,M79139260,timing_captured_after_cutoff,False,199940,199940,,2025-09-15 23:01:49,,,,,
pay_000009018916,M99281141,timing_captured_after_cutoff,False,19961,19961,,2025-09-15 18:17:39,,,,,
pay_000009018917,M68989250,timing_captured_after_cutoff,False,349936,349936,,2025-09-15 20:02:09,,,,,
pay_000009018918,M66651069,timing_captured_after_cutoff,False,99945,99945,,2025-09-15 20:37:40,,,,,
pay_000009018919,M29579605,timing_captured_after_cutoff,False,19920,19920,,2025-09-15 22:16:19,,,,,
pay_000009018920,M23926979,timing_captured_after_cutoff,False,99929,99929,,2025-09-15 23:28:16,,,,,
pay_000009018921,M33004156,timing_captured_after_cutoff,False,19978,19978,,2025-09-15 20:38:27,,,,,
pay_000009018922,M47299138,timing_captured_after_cutoff,False,9919,9919,,2025-09-15 18:11:09,,,,,
pay_000009018923,M91135937,timing_captured_after_cutoff,False,49996,49996,,2025-09-15 21:49:47,,,,,
pay_000009018924,M90740105,timing_captured_after_cutoff,False,49986,49986,,2025-09-15 23:56:33,,,,,
pay_000009018925,M46703582,timing_captured_after_cutoff,False,150035,150035,,2025-09-15 18:21:14,,,,,
pay_000009018926,M26522788,timing_captured_after_cutoff,False,49975,49975,,2025-09-15 19:36:20,,,,,
pay_000009018927,M36525071,timing_captured_after_cutoff,False,349981,349981,,2025-09-15 23:08:28,,,,,
pay_000009018928,M85695936,timing_captured_after_cutoff,False,19913,19913,,2025-09-15 20:15:39,,,,,
pay_000009018929,M30644274,timing_captured_after_cutoff,False,1249948,1249948,,2025-09-15 18:35:02,,,,,
pay_000009018930,M44929059,timing_captured_after_cutoff,False,150008,150008,,2025-09-15 20:56:58,,,,,
pay_000009018931,M26118514,timing_captured_after_cutoff,False,49998,49998,,2025-09-15 20:40:18,,,,,
pay_000009018932,M96355121,timing_captured_after_cutoff,False,1249916,1249916,,2025-09-15 21:19:11,,,,,
pay_000009018933,M58765262,timing_captured_after_cutoff,False,349949,349949,,2025-09-15 20:39:57,,,,,
pay_000009018934,M12635293,timing_captured_after_cutoff,False,19929,19929,,2025-09-15 23:01:27,,,,,
pay_000009018935,M12658103,timing_captured_after_cutoff,False,349912,349912,,2025-09-15 19:02:08,,,,,
pay_000009018936,M37957105,timing_captured_after_cutoff,False,49945,49945,,2025-09-15 19:00:03,,,,,
pay_000009018937,M84968670,timing_captured_after_cutoff,False,9913,9913,,2025-09-15 19:09:16,,,,,
pay_000009018938,M23189560,timing_captured_after_cutoff,False,9901,9901,,2025-09-15 19:19:01,,,,,
pay_000009018939,M30644274,timing_captured_after_cutoff,False,1249935,1249935,,2025-09-15 23:30:20,,,,,
pay_000009018940,M25658844,timing_captured_after_cutoff,False,24924,24924,,2025-09-15 21:19:08,,,,,
pay_000009018941,M87841374,timing_captured_after_cutoff,False,24985,24985,,2025-09-15 21:28:41,,,,,
pay_000009018942,M47755577,timing_captured_after_cutoff,False,19979,19979,,2025-09-15 18:18:47,,,,,
pay_000009018943,M59450351,timing_captured_after_cutoff,False,349997,349997,,2025-09-15 21:30:10,,,,,
pay_000009018944,M53015226,timing_captured_after_cutoff,False,349963,349963,,2025-09-15 21:47:46,,,,,
pay_000009018945,M41404562,timing_captured_after_cutoff,False,349943,349943,,2025-09-15 22:49:48,,,,,
pay_000009018946,M84968670,timing_captured_after_cutoff,False,49941,49941,,2025-09-15 19:18:43,,,,,
pay_000009018947,M89074272,timing_captured_after_cutoff,False,150011,150011,,2025-09-15 20:52:33,,,,,
pay_000009018948,M85603833,timing_captured_after_cutoff,False,19989,19989,,2025-09-15 21:53:33,,,,,
pay_000009018949,M21436096,timing_captured_after_cutoff,False,9920,9920,,2025-09-15 18:07:09,,,,,
pay_000009018950,M64483876,timing_captured_after_cutoff,False,99956,99956,,2025-09-15 19:30:23,,,,,
pay_000009018951,M58354812,timing_captured_after_cutoff,False,24901,24901,,2025-09-15 22:43:16,,,,,
pay_000009018952,M58079103,timing_captured_after_cutoff,False,19986,19986,,2025-09-15 23:04:24,,,,,
pay_000009018953,M59694325,timing_captured_after_cutoff,False,349972,349972,,2025-09-15 19:55:45,,,,,
pay_000009018954,M44509947,timing_captured_after_cutoff,False,24916,24916,,2025-09-15 21:55:32,,,,,
pay_000009018955,M66271986,timing_captured_after_cutoff,False,349957,349957,,2025-09-15 21:34:52,,,,,
pay_000009018956,M83487104,timing_captured_after_cutoff,False,19960,19960,,2025-09-15 23:25:31,,,,,
pay_000009018957,M61801892,timing_captured_after_cutoff,False,49970,49970,,2025-09-15 20:13:39,,,,,
pay_000009018958,M37085072,timing_captured_after_cutoff,False,199939,199939,,2025-09-15 22:56:03,,,,,
pay_000009018959,M74500119,timing_captured_after_cutoff,False,599940,599940,,2025-09-15 21:13:39,,,,,
pay_000009018960,M85695936,timing_captured_after_cutoff,False,19912,19912,,2025-09-15 20:10:58,,,,,
pay_000009018961,M40844779,timing_captured_after_cutoff,False,24958,24958,,2025-09-15 21:48:54,,,,,
pay_000009018962,M64065189,timing_captured_after_cutoff,False,1249941,1249941,,2025-09-15 18:25:14,,,,,
pay_000009018963,M18091245,timing_captured_after_cutoff,False,1249901,1249901,,2025-09-15 22:09:15,,,,,
pay_000009018964,M11605963,timing_captured_after_cutoff,False,199968,199968,,2025-09-15 22:38:51,,,,,
pay_000009018965,M53015226,timing_captured_after_cutoff,False,1249982,1249982,,2025-09-15 21:08:42,,,,,
pay_000009018966,M77853702,timing_captured_after_cutoff,False,1249914,1249914,,2025-09-15 22:02:58,,,,,
pay_000009018967,M44488815,timing_captured_after_cutoff,False,1249934,1249934,,2025-09-15 19:56:04,,,,,
pay_000009018968,M18284434,timing_captured_after_cutoff,False,150046,150046,,2025-09-15 21:33:41,,,,,
pay_000009018969,M19037258,timing_captured_after_cutoff,False,99942,99942,,2025-09-15 21:19:28,,,,,
pay_000009018970,M50559107,timing_captured_after_cutoff,False,99986,99986,,2025-09-15 18:00:32,,,,,
pay_000009018971,M72642020,timing_captured_after_cutoff,False,9966,9966,,2025-09-15 21:40:36,,,,,
pay_000009018972,M16112266,timing_captured_after_cutoff,False,599968,599968,,2025-09-15 23:00:15,,,,,
pay_000009018973,M74389584,timing_captured_after_cutoff,False,599983,599983,,2025-09-15 21:31:35,,,,,
pay_000009018974,M14690350,timing_captured_after_cutoff,False,199930,199930,,2025-09-15 18:47:31,,,,,
pay_000009018975,M28990984,timing_captured_after_cutoff,False,24998,24998,,2025-09-15 18:27:54,,,,,
pay_000009018976,M78736512,timing_captured_after_cutoff,False,150049,150049,,2025-09-15 22:01:22,,,,,
pay_000009018977,M66518730,timing_captured_after_cutoff,False,99911,99911,,2025-09-15 22:42:11,,,,,
pay_000009018978,M89074272,timing_captured_after_cutoff,False,99906,99906,,2025-09-15 18:19:13,,,,,
pay_000009018979,M20514625,timing_captured_after_cutoff,False,150037,150037,,2025-09-15 21:40:51,,,,,
pay_000009018980,M44098401,timing_captured_after_cutoff,False,9931,9931,,2025-09-15 22:17:51,,,,,
pay_000009018981,M32854706,timing_captured_after_cutoff,False,19945,19945,,2025-09-15 23:24:03,,,,,
pay_000009018982,M72680054,timing_captured_after_cutoff,False,199972,199972,,2025-09-15 18:58:07,,,,,
pay_000009018983,M87248824,timing_captured_after_cutoff,False,599992,599992,,2025-09-15 18:53:02,,,,,
pay_000009018984,M29636122,timing_captured_after_cutoff,False,349910,349910,,2025-09-15 22:12:11,,,,,
pay_000009018985,M86518900,timing_captured_after_cutoff,False,19968,19968,,2025-09-15 18:22:51,,,,,
pay_000009018986,M39345776,timing_captured_after_cutoff,False,349967,349967,,2025-09-15 21:19:48,,,,,
pay_000009018987,M88380679,timing_captured_after_cutoff,False,49983,49983,,2025-09-15 22:56:34,,,,,
pay_000009018988,M99972391,timing_captured_after_cutoff,False,49983,49983,,2025-09-15 19:09:32,,,,,
pay_000009018989,M97285147,timing_captured_after_cutoff,False,9921,9921,,2025-09-15 19:17:07,,,,,
pay_000009018990,M26087418,timing_captured_after_cutoff,False,9976,9976,,2025-09-15 22:20:00,,,,,
pay_000009018991,M72642020,timing_captured_after_cutoff,False,49921,49921,,2025-09-15 20:03:07,,,,,
pay_000009018992,M26050621,timing_captured_after_cutoff,False,199952,199952,,2025-09-15 23:08:14,,,,,
pay_000009018993,M16172155,timing_captured_after_cutoff,False,24976,24976,,2025-09-15 22:49:35,,,,,
pay_000009018994,M90740105,timing_captured_after_cutoff,False,1249933,1249933,,2025-09-15 18:39:11,,,,,
pay_000009018995,M58570562,timing_captured_after_cutoff,False,1249981,1249981,,2025-09-15 23:23:18,,,,,
pay_000009018996,M20149284,timing_captured_after_cutoff,False,24951,24951,,2025-09-15 23:55:46,,,,,
pay_000009018997,M75683903,timing_captured_after_cutoff,False,150048,150048,,2025-09-15 19:02:46,,,,,
pay_000009018998,M20514625,timing_captured_after_cutoff,False,24912,24912,,2025-09-15 21:29:23,,,,,
pay_000009018999,M54653648,timing_captured_after_cutoff,False,349931,349931,,2025-09-15 19:07:09,,,,,
pay_000009019000,M39637009,timing_captured_after_cutoff,False,19985,19985,,2025-09-15 21:12:49,,,,,
pay_000009019001,M36672297,timing_captured_after_cutoff,False,19923,19923,,2025-09-15 22:21:59,,,,,
pay_000009019002,M79019281,timing_captured_after_cutoff,False,150042,150042,,2025-09-15 23:36:23,,,,,
pay_000009019003,M41193306,timing_captured_after_cutoff,False,1249941,1249941,,2025-09-15 19:12:31,,,,,
pay_000009019004,M75683903,timing_captured_after_cutoff,False,150036,150036,,2025-09-15 22:17:02,,,,,
pay_000009019005,M41978779,timing_captured_after_cutoff,False,150025,150025,,2025-09-15 21:55:30,,,,,
pay_000009019006,M56234030,timing_captured_after_cutoff,False,150084,150084,,2025-09-15 23:59:36,,,,,
pay_000009019007,M15319619,timing_captured_after_cutoff,False,349942,349942,,2025-09-15 20:53:17,,,,,
pay_000009019008,M30518426,timing_captured_after_cutoff,False,49958,49958,,2025-09-15 21:04:03,,,,,
pay_000009019009,M84980419,timing_captured_after_cutoff,False,199928,199928,,2025-09-15 23:51:20,,,,,
pay_000009019010,M77853702,timing_captured_after_cutoff,False,24917,24917,,2025-09-15 22:29:41,,,,,
pay_000009019011,M64222594,timing_captured_after_cutoff,False,199967,199967,,2025-09-15 22:34:00,,,,,
pay_000009019012,M86128513,timing_captured_after_cutoff,False,599905,599905,,2025-09-15 19:01:48,,,,,
pay_000009019013,M49279774,timing_captured_after_cutoff,False,9993,9993,,2025-09-15 22:59:08,,,,,
pay_000009019014,M35091011,timing_captured_after_cutoff,False,599938,599938,,2025-09-15 22:50:17,,,,,
pay_000009019015,M19532942,timing_captured_after_cutoff,False,24934,24934,,2025-09-15 21:52:24,,,,,
pay_000009019016,M66557825,timing_captured_after_cutoff,False,24966,24966,,2025-09-15 18:52:01,,,,,
pay_000009019017,M68269082,timing_captured_after_cutoff,False,150078,150078,,2025-09-15 20:43:04,,,,,
pay_000009019018,M12909738,timing_captured_after_cutoff,False,49949,49949,,2025-09-15 20:53:49,,,,,
pay_000009019019,M55601366,timing_captured_after_cutoff,False,349954,349954,,2025-09-15 19:58:32,,,,,
pay_000009019020,M36672297,timing_captured_after_cutoff,False,349941,349941,,2025-09-15 21:35:13,,,,,
pay_000009019021,M58350220,timing_captured_after_cutoff,False,24927,24927,,2025-09-15 20:37:23,,,,,
pay_000009019022,M90782036,timing_captured_after_cutoff,False,9993,9993,,2025-09-15 18:19:53,,,,,
pay_000009019023,M63224010,timing_captured_after_cutoff,False,1249984,1249984,,2025-09-15 23:30:28,,,,,
pay_000009019024,M93619349,timing_captured_after_cutoff,False,150064,150064,,2025-09-15 20:12:48,,,,,
pay_000009019025,M19532942,timing_captured_after_cutoff,False,349923,349923,,2025-09-15 19:41:29,,,,,
pay_000009019026,M40844779,timing_captured_after_cutoff,False,99963,99963,,2025-09-15 18:48:24,,,,,
pay_000009019027,M15319619,timing_captured_after_cutoff,False,1249949,1249949,,2025-09-15 18:04:51,,,,,
pay_000009019028,M85695936,timing_captured_after_cutoff,False,199947,199947,,2025-09-15 22:22:29,,,,,
pay_000009019029,M12210990,timing_captured_after_cutoff,False,599975,599975,,2025-09-15 23:41:21,,,,,
pay_000009019030,M34340583,timing_captured_after_cutoff,False,24980,24980,,2025-09-15 19:25:09,,,,,
pay_000009019031,M18284434,timing_captured_after_cutoff,False,24900,24900,,2025-09-15 20:52:51,,,,,
pay_000009019032,M14460455,timing_captured_after_cutoff,False,99972,99972,,2025-09-15 22:33:06,,,,,
pay_000009019033,M18268712,timing_captured_after_cutoff,False,49906,49906,,2025-09-15 21:54:02,,,,,
pay_000009019034,M89265581,timing_captured_after_cutoff,False,99904,99904,,2025-09-15 20:11:47,,,,,
pay_000009019035,M47299138,timing_captured_after_cutoff,False,24949,24949,,2025-09-15 21:52:24,,,,,
pay_000009019036,M52421201,timing_captured_after_cutoff,False,19970,19970,,2025-09-15 20:44:11,,,,,
pay_000009019037,M72939559,timing_captured_after_cutoff,False,599972,599972,,2025-09-15 21:26:31,,,,,
pay_000009019038,M60343451,timing_captured_after_cutoff,False,1249902,1249902,,2025-09-15 19:17:00,,,,,
pay_000009019039,M66520117,timing_captured_after_cutoff,False,1249928,1249928,,2025-09-15 21:53:00,,,,,
pay_000009019040,M44884581,timing_captured_after_cutoff,False,19919,19919,,2025-09-15 19:20:29,,,,,
pay_000009019041,M43750781,timing_captured_after_cutoff,False,199927,199927,,2025-09-15 19:08:45,,,,,
pay_000009019042,M44343181,timing_captured_after_cutoff,False,9955,9955,,2025-09-15 19:31:04,,,,,
pay_000009019043,M74361119,timing_captured_after_cutoff,False,199906,199906,,2025-09-15 23:24:38,,,,,
pay_000009019044,M33463453,timing_captured_after_cutoff,False,1249998,1249998,,2025-09-15 21:42:44,,,,,
pay_000009019045,M66585753,timing_captured_after_cutoff,False,1249992,1249992,,2025-09-15 22:07:59,,,,,
pay_000009019046,M57068126,timing_captured_after_cutoff,False,599931,599931,,2025-09-15 23:27:39,,,,,
pay_000009019047,M64222594,timing_captured_after_cutoff,False,599992,599992,,2025-09-15 19:26:14,,,,,
pay_000009019048,M58602600,timing_captured_after_cutoff,False,19964,19964,,2025-09-15 23:05:31,,,,,
pay_000009019049,M61540594,timing_captured_after_cutoff,False,9926,9926,,2025-09-15 23:17:40,,,,,
pay_000009019050,M14214838,timing_captured_after_cutoff,False,150032,150032,,2025-09-15 18:54:59,,,,,
pay_000009019051,M16465801,timing_captured_after_cutoff,False,1249958,1249958,,2025-09-15 19:49:28,,,,,
pay_000009019052,M49279774,timing_captured_after_cutoff,False,199900,199900,,2025-09-15 21:07:16,,,,,
pay_000009019053,M49496509,timing_captured_after_cutoff,False,99962,99962,,2025-09-15 22:34:55,,,,,
pay_000009019054,M55228477,timing_captured_after_cutoff,False,349947,349947,,2025-09-15 23:50:57,,,,,
pay_000009019055,M95262453,timing_captured_after_cutoff,False,24977,24977,,2025-09-15 22:14:24,,,,,
pay_000009019056,M71091942,timing_captured_after_cutoff,False,599912,599912,,2025-09-15 20:25:38,,,,,
pay_000009019057,M26118514,timing_captured_after_cutoff,False,19921,19921,,2025-09-15 19:49:03,,,,,
pay_000009019058,M20149284,timing_captured_after_cutoff,False,599925,599925,,2025-09-15 21:21:16,,,,,
pay_000009019059,M96168313,timing_captured_after_cutoff,False,99996,99996,,2025-09-15 18:01:08,,,,,
pay_000009019060,M96048437,timing_captured_after_cutoff,False,150086,150086,,2025-09-15 23:28:06,,,,,
pay_000009019061,M12658103,timing_captured_after_cutoff,False,149997,149997,,2025-09-15 22:53:28,,,,,
pay_000009019062,M49344397,timing_captured_after_cutoff,False,19919,19919,,2025-09-15 22:55:01,,,,,
pay_000009019063,M74500119,timing_captured_after_cutoff,False,99963,99963,,2025-09-15 20:09:53,,,,,
pay_000009019064,M72680054,timing_captured_after_cutoff,False,19997,19997,,2025-09-15 22:52:22,,,,,
pay_000009019065,M77086075,timing_captured_after_cutoff,False,1249990,1249990,,2025-09-15 21:20:25,,,,,
pay_000009019066,M40749958,timing_captured_after_cutoff,False,199966,199966,,2025-09-15 20:37:07,,,,,
pay_000009019067,M64902019,timing_captured_after_cutoff,False,24968,24968,,2025-09-15 21:58:53,,,,,
pay_000009019068,M12635293,timing_captured_after_cutoff,False,49967,49967,,2025-09-15 23:41:11,,,,,
pay_000009019069,M95262453,timing_captured_after_cutoff,False,9966,9966,,2025-09-15 19:55:55,,,,,
pay_000009019070,M85602508,timing_captured_after_cutoff,False,1249956,1249956,,2025-09-15 19:15:43,,,,,
pay_000009019071,M60634697,timing_captured_after_cutoff,False,49963,49963,,2025-09-15 20:58:26,,,,,
pay_000009019072,M47392676,timing_captured_after_cutoff,False,49929,49929,,2025-09-15 21:08:54,,,,,
pay_000009019073,M53341910,timing_captured_after_cutoff,False,9932,9932,,2025-09-15 18:17:14,,,,,
pay_000009019074,M79877744,timing_captured_after_cutoff,False,599988,599988,,2025-09-15 22:56:41,,,,,
pay_000009019075,M66518730,timing_captured_after_cutoff,False,150055,150055,,2025-09-15 23:31:36,,,,,
pay_000009019076,M30903465,timing_captured_after_cutoff,False,599950,599950,,2025-09-15 23:19:18,,,,,
pay_000009019077,M47071542,timing_captured_after_cutoff,False,24954,24954,,2025-09-15 21:10:39,,,,,
pay_000009019078,M68989250,timing_captured_after_cutoff,False,24990,24990,,2025-09-15 21:25:19,,,,,
pay_000009019079,M20149284,timing_captured_after_cutoff,False,99982,99982,,2025-09-15 18:13:50,,,,,
pay_000009019080,M90554074,timing_captured_after_cutoff,False,19964,19964,,2025-09-15 21:13:43,,,,,
pay_000009019081,M87841374,timing_captured_after_cutoff,False,19918,19918,,2025-09-15 18:17:16,,,,,
pay_000009019082,M49186036,timing_captured_after_cutoff,False,9964,9964,,2025-09-15 22:33:29,,,,,
pay_000009019083,M37689941,timing_captured_after_cutoff,False,24946,24946,,2025-09-15 20:08:31,,,,,
pay_000009019084,M20702981,timing_captured_after_cutoff,False,150061,150061,,2025-09-15 18:16:09,,,,,
pay_000009019085,M30644274,timing_captured_after_cutoff,False,19996,19996,,2025-09-15 21:30:03,,,,,
pay_000009019086,M52140923,timing_captured_after_cutoff,False,9951,9951,,2025-09-15 23:46:57,,,,,
pay_000009019087,M60820053,timing_captured_after_cutoff,False,599917,599917,,2025-09-15 18:07:46,,,,,
pay_000009019088,M61853757,timing_captured_after_cutoff,False,199927,199927,,2025-09-15 20:54:13,,,,,
pay_000009019089,M80826716,timing_captured_after_cutoff,False,199991,199991,,2025-09-15 21:26:38,,,,,
pay_000009019090,M33446807,timing_captured_after_cutoff,False,599955,599955,,2025-09-15 20:04:35,,,,,
pay_000009019091,M53181122,timing_captured_after_cutoff,False,199977,199977,,2025-09-15 18:40:43,,,,,
pay_000009019092,M52421201,timing_captured_after_cutoff,False,150045,150045,,2025-09-15 22:35:14,,,,,
pay_000009019093,M40749958,timing_captured_after_cutoff,False,599962,599962,,2025-09-15 20:46:03,,,,,
pay_000009019094,M91135937,timing_captured_after_cutoff,False,599975,599975,,2025-09-15 23:52:40,,,,,
pay_000009019095,M44884581,timing_captured_after_cutoff,False,99927,99927,,2025-09-15 19:51:12,,,,,
pay_000009019096,M24936480,timing_captured_after_cutoff,False,19904,19904,,2025-09-15 19:25:52,,,,,
pay_000009019097,M13741012,timing_captured_after_cutoff,False,9945,9945,,2025-09-15 23:05:02,,,,,
pay_000009019098,M56234030,timing_captured_after_cutoff,False,24923,24923,,2025-09-15 23:22:44,,,,,
pay_000009019099,M45458756,timing_captured_after_cutoff,False,150087,150087,,2025-09-15 20:12:24,,,,,
pay_000009019100,M68779434,timing_captured_after_cutoff,False,49953,49953,,2025-09-15 22:37:21,,,,,
pay_000009019101,M87841374,timing_captured_after_cutoff,False,24912,24912,,2025-09-15 21:03:08,,,,,
pay_000009019102,M16073075,timing_captured_after_cutoff,False,199957,199957,,2025-09-15 20:39:31,,,,,
pay_000009019103,M29806633,timing_captured_after_cutoff,False,49940,49940,,2025-09-15 22:24:59,,,,,
pay_000009019104,M98721314,timing_captured_after_cutoff,False,1249912,1249912,,2025-09-15 20:26:29,,,,,
pay_000009019105,M31183408,timing_captured_after_cutoff,False,24902,24902,,2025-09-15 22:47:21,,,,,
pay_000009019106,M75391713,timing_captured_after_cutoff,False,49914,49914,,2025-09-15 18:46:51,,,,,
pay_000009019107,M51666375,timing_captured_after_cutoff,False,1249963,1249963,,2025-09-15 19:47:34,,,,,
pay_000009019108,M58765262,timing_captured_after_cutoff,False,24992,24992,,2025-09-15 21:39:17,,,,,
pay_000009019109,M83420677,timing_captured_after_cutoff,False,1249959,1249959,,2025-09-15 22:24:11,,,,,
pay_000009019110,M85602508,timing_captured_after_cutoff,False,9974,9974,,2025-09-15 22:17:36,,,,,
pay_000009019111,M10979494,timing_captured_after_cutoff,False,1249926,1249926,,2025-09-15 21:24:37,,,,,
pay_000009019112,M97115569,timing_captured_after_cutoff,False,199950,199950,,2025-09-15 23:51:35,,,,,
pay_000009019113,M75219533,timing_captured_after_cutoff,False,24939,24939,,2025-09-15 23:30:22,,,,,
pay_000009019114,M72569289,timing_captured_after_cutoff,False,99971,99971,,2025-09-15 22:50:46,,,,,
pay_000009019115,M95138410,timing_captured_after_cutoff,False,150020,150020,,2025-09-15 21:38:59,,,,,
pay_000009019116,M58570562,timing_captured_after_cutoff,False,150085,150085,,2025-09-15 23:18:43,,,,,
pay_000009019117,M19611772,timing_captured_after_cutoff,False,49956,49956,,2025-09-15 23:03:22,,,,,
pay_000009019118,M30410607,timing_captured_after_cutoff,False,9964,9964,,2025-09-15 20:49:45,,,,,
pay_000009019119,M74361119,timing_captured_after_cutoff,False,99947,99947,,2025-09-15 23:33:26,,,,,
pay_000009019120,M51666375,timing_captured_after_cutoff,False,150008,150008,,2025-09-15 21:39:41,,,,,
pay_000009019121,M60222563,timing_captured_after_cutoff,False,19923,19923,,2025-09-15 22:22:36,,,,,
pay_000009019122,M49186036,timing_captured_after_cutoff,False,9990,9990,,2025-09-15 18:38:16,,,,,
pay_000009019123,M96168313,timing_captured_after_cutoff,False,9916,9916,,2025-09-15 21:39:19,,,,,
pay_000009019124,M61853757,timing_captured_after_cutoff,False,9950,9950,,2025-09-15 22:03:17,,,,,
pay_000009019125,M66632544,timing_captured_after_cutoff,False,24931,24931,,2025-09-15 21:28:25,,,,,
pay_000009019126,M66339257,timing_captured_after_cutoff,False,349982,349982,,2025-09-15 23:35:13,,,,,
pay_000009019127,M58498736,timing_captured_after_cutoff,False,9923,9923,,2025-09-15 19:41:32,,,,,
pay_000009019128,M64222594,timing_captured_after_cutoff,False,24944,24944,,2025-09-15 18:04:55,,,,,
pay_000009019129,M75404338,timing_captured_after_cutoff,False,49989,49989,,2025-09-15 21:35:59,,,,,
pay_000009019130,M79019281,timing_captured_after_cutoff,False,599983,599983,,2025-09-15 22:57:01,,,,,
pay_000009019131,M42015979,timing_captured_after_cutoff,False,150018,150018,,2025-09-15 23:04:18,,,,,
pay_000009019132,M83109042,timing_captured_after_cutoff,False,99963,99963,,2025-09-15 23:35:31,,,,,
pay_000009019133,M56234030,timing_captured_after_cutoff,False,599930,599930,,2025-09-15 18:01:39,,,,,
pay_000009019134,M47549642,timing_captured_after_cutoff,False,349914,349914,,2025-09-15 20:37:41,,,,,
pay_000009019135,M25593655,timing_captured_after_cutoff,False,9982,9982,,2025-09-15 20:11:13,,,,,
pay_000009019136,M73661612,timing_captured_after_cutoff,False,599978,599978,,2025-09-15 22:16:35,,,,,
pay_000009019137,M44509947,timing_captured_after_cutoff,False,349989,349989,,2025-09-15 23:12:37,,,,,
pay_000009019138,M41919033,timing_captured_after_cutoff,False,349938,349938,,2025-09-15 18:50:15,,,,,
pay_000009019139,M37689941,timing_captured_after_cutoff,False,19902,19902,,2025-09-15 22:22:54,,,,,
pay_000009019140,M20078985,timing_captured_after_cutoff,False,599969,599969,,2025-09-15 18:49:42,,,,,
pay_000009019141,M26065962,timing_captured_after_cutoff,False,349907,349907,,2025-09-15 19:33:59,,,,,
pay_000009019142,M29636122,timing_captured_after_cutoff,False,49992,49992,,2025-09-15 20:47:00,,,,,
pay_000009019143,M58498736,timing_captured_after_cutoff,False,150009,150009,,2025-09-15 18:33:53,,,,,
pay_000009019144,M49344397,timing_captured_after_cutoff,False,9920,9920,,2025-09-15 23:08:00,,,,,
pay_000009019145,M19258852,timing_captured_after_cutoff,False,199970,199970,,2025-09-15 18:55:29,,,,,
pay_000009019146,M45044006,timing_captured_after_cutoff,False,24937,24937,,2025-09-15 21:21:41,,,,,
pay_000009019147,M75219533,timing_captured_after_cutoff,False,99924,99924,,2025-09-15 21:28:18,,,,,
pay_000009019148,M79019281,timing_captured_after_cutoff,False,9907,9907,,2025-09-15 23:49:07,,,,,
pay_000009019149,M87248824,timing_captured_after_cutoff,False,199954,199954,,2025-09-15 23:58:57,,,,,
pay_000009019150,M60634697,timing_captured_after_cutoff,False,349905,349905,,2025-09-15 22:21:57,,,,,
pay_000009019151,M98793572,timing_captured_after_cutoff,False,599903,599903,,2025-09-15 22:56:55,,,,,
pay_000009019152,M36093158,timing_captured_after_cutoff,False,99910,99910,,2025-09-15 22:07:43,,,,,
pay_000009019153,M90782036,timing_captured_after_cutoff,False,24925,24925,,2025-09-15 19:29:44,,,,,
pay_000009019154,M12909738,timing_captured_after_cutoff,False,599995,599995,,2025-09-15 23:31:53,,,,,
pay_000009019155,M28112708,timing_captured_after_cutoff,False,150021,150021,,2025-09-15 21:48:22,,,,,
pay_000009019156,M44098401,timing_captured_after_cutoff,False,199983,199983,,2025-09-15 21:01:16,,,,,
pay_000009019157,M77853702,timing_captured_after_cutoff,False,9977,9977,,2025-09-15 21:20:17,,,,,
pay_000009019158,M32854706,timing_captured_after_cutoff,False,19903,19903,,2025-09-15 21:53:55,,,,,
pay_000009019159,M24936480,timing_captured_after_cutoff,False,199999,199999,,2025-09-15 19:01:29,,,,,
pay_000009019160,M50559107,timing_captured_after_cutoff,False,19968,19968,,2025-09-15 19:46:26,,,,,
pay_000009019161,M53181122,timing_captured_after_cutoff,False,99983,99983,,2025-09-15 21:46:44,,,,,
pay_000009019162,M21676693,timing_captured_after_cutoff,False,1249977,1249977,,2025-09-15 19:10:06,,,,,
pay_000009019163,M95548492,timing_captured_after_cutoff,False,49989,49989,,2025-09-15 19:34:23,,,,,
pay_000009019164,M19418093,timing_captured_after_cutoff,False,19995,19995,,2025-09-15 18:24:39,,,,,
pay_000009019165,M58765262,timing_captured_after_cutoff,False,1249922,1249922,,2025-09-15 21:47:17,,,,,
pay_000009019166,M92568984,timing_captured_after_cutoff,False,150038,150038,,2025-09-15 19:23:37,,,,,
pay_000009019167,M72642020,timing_captured_after_cutoff,False,149999,149999,,2025-09-15 22:27:18,,,,,
pay_000009019168,M52511408,timing_captured_after_cutoff,False,24980,24980,,2025-09-15 18:37:28,,,,,
pay_000009019169,M19258852,timing_captured_after_cutoff,False,199907,199907,,2025-09-15 20:00:45,,,,,
pay_000009019170,M58765262,timing_captured_after_cutoff,False,49906,49906,,2025-09-15 23:30:33,,,,,
pay_000009019171,M66271986,timing_captured_after_cutoff,False,599962,599962,,2025-09-15 18:43:58,,,,,
pay_000009019172,M16465801,timing_captured_after_cutoff,False,1249937,1249937,,2025-09-15 19:21:20,,,,,
pay_000009019173,M83433129,timing_captured_after_cutoff,False,9944,9944,,2025-09-15 21:51:35,,,,,
pay_000009019174,M26050621,timing_captured_after_cutoff,False,349932,349932,,2025-09-15 20:57:30,,,,,
pay_000009019175,M65383467,timing_captured_after_cutoff,False,199949,199949,,2025-09-15 19:52:29,,,,,
pay_000009019176,M87150816,timing_captured_after_cutoff,False,349961,349961,,2025-09-15 23:15:24,,,,,
pay_000009019177,M58765262,timing_captured_after_cutoff,False,24917,24917,,2025-09-15 22:55:19,,,,,
pay_000009019178,M13785608,timing_captured_after_cutoff,False,599968,599968,,2025-09-15 20:17:10,,,,,
pay_000009019179,M64669408,timing_captured_after_cutoff,False,49986,49986,,2025-09-15 22:18:53,,,,,
pay_000009019180,M18593947,timing_captured_after_cutoff,False,19944,19944,,2025-09-15 23:03:40,,,,,
pay_000009019181,M58570562,timing_captured_after_cutoff,False,9948,9948,,2025-09-15 21:22:05,,,,,
pay_000009019182,M56234030,timing_captured_after_cutoff,False,24974,24974,,2025-09-15 20:47:51,,,,,
pay_000009019183,M91974410,timing_captured_after_cutoff,False,599949,599949,,2025-09-15 23:27:19,,,,,
pay_000009019184,M21539434,timing_captured_after_cutoff,False,199921,199921,,2025-09-15 21:28:37,,,,,
pay_000009019185,M36902587,timing_captured_after_cutoff,False,150030,150030,,2025-09-15 21:43:44,,,,,
pay_000009019186,M17376114,timing_captured_after_cutoff,False,1249933,1249933,,2025-09-15 19:32:16,,,,,
pay_000009019187,M18434450,timing_captured_after_cutoff,False,199984,199984,,2025-09-15 23:47:12,,,,,
pay_000009019188,M21804718,timing_captured_after_cutoff,False,24939,24939,,2025-09-15 21:16:09,,,,,
pay_000009019189,M14431382,timing_captured_after_cutoff,False,349997,349997,,2025-09-15 20:30:53,,,,,
pay_000009019190,M15761217,timing_captured_after_cutoff,False,150038,150038,,2025-09-15 20:44:43,,,,,
pay_000009019191,M26050621,timing_captured_after_cutoff,False,49931,49931,,2025-09-15 22:08:10,,,,,
pay_000009019192,M83633800,timing_captured_after_cutoff,False,199979,199979,,2025-09-15 22:37:56,,,,,
pay_000009019193,M15740429,timing_captured_after_cutoff,False,150002,150002,,2025-09-15 23:08:21,,,,,
pay_000009019194,M62759474,timing_captured_after_cutoff,False,9902,9902,,2025-09-15 19:42:03,,,,,
pay_000009019195,M23521588,timing_captured_after_cutoff,False,150028,150028,,2025-09-15 18:22:40,,,,,
pay_000009019196,M49098767,timing_captured_after_cutoff,False,24976,24976,,2025-09-15 19:18:31,,,,,
pay_000009019197,M23926979,timing_captured_after_cutoff,False,99903,99903,,2025-09-15 19:10:43,,,,,
pay_000009019198,M19418093,timing_captured_after_cutoff,False,99911,99911,,2025-09-15 19:45:59,,,,,
pay_000009019199,M10588136,timing_captured_after_cutoff,False,99976,99976,,2025-09-15 20:47:39,,,,,
pay_000009019200,M27792377,timing_captured_after_cutoff,False,99912,99912,,2025-09-15 21:34:20,,,,,
pay_000009019201,M41919033,timing_prior_day_capture,False,-99907,,99907,,,UTR5017999,2025-09-14,2025-09-15,
pay_000009019202,M59450351,timing_prior_day_capture,False,-9965,,9965,,,UTR5018000,2025-09-14,2025-09-15,
pay_000009019203,M19258852,timing_prior_day_capture,False,-49937,,49937,,,UTR5018001,2025-09-14,2025-09-15,
pay_000009019204,M65473271,timing_prior_day_capture,False,-49968,,49968,,,UTR5018002,2025-09-14,2025-09-15,
pay_000009019205,M84288565,timing_prior_day_capture,False,-199907,,199907,,,UTR5018003,2025-09-14,2025-09-15,
pay_000009019206,M27814328,timing_prior_day_capture,False,-19925,,19925,,,UTR5018004,2025-09-14,2025-09-15,
pay_000009019207,M18694053,timing_prior_day_capture,False,-599913,,599913,,,UTR5018005,2025-09-14,2025-09-15,
pay_000009019208,M10167692,timing_prior_day_capture,False,-49943,,49943,,,UTR5018006,2025-09-14,2025-09-15,
pay_000009019209,M12796830,timing_prior_day_capture,False,-9940,,9940,,,UTR5018007,2025-09-14,2025-09-15,
pay_000009019210,M15319619,timing_prior_day_capture,False,-150077,,150077,,,UTR5018008,2025-09-14,2025-09-15,
pay_000009019211,M95262453,timing_prior_day_capture,False,-349944,,349944,,,UTR5018009,2025-09-14,2025-09-15,
pay_000009019212,M14690350,timing_prior_day_capture,False,-349976,,349976,,,UTR5018010,2025-09-14,2025-09-15,
pay_000009019213,M16073075,timing_prior_day_capture,False,-149997,,149997,,,UTR5018011,2025-09-14,2025-09-15,
pay_000009019214,M42015979,timing_prior_day_capture,False,-99932,,99932,,,UTR5018012,2025-09-14,2025-09-15,
pay_000009019215,M86669048,timing_prior_day_capture,False,-150079,,150079,,,UTR5018013,2025-09-14,2025-09-15,
pay_000009019216,M38650464,timing_prior_day_capture,False,-599947,,599947,,,UTR5018014,2025-09-14,2025-09-15,
pay_000009019217,M66585753,timing_prior_day_capture,False,-19977,,19977,,,UTR5018015,2025-09-14,2025-09-15,
pay_000009019218,M42427010,timing_prior_day_capture,False,-24932,,24932,,,UTR5018016,2025-09-14,2025-09-15,
pay_000009019219,M12796830,timing_prior_day_capture,False,-9969,,9969,,,UTR5018017,2025-09-14,2025-09-15,
pay_000009019220,M29579605,timing_prior_day_capture,False,-19941,,19941,,,UTR5018018,2025-09-14,2025-09-15,
pay_000009019221,M71091942,timing_prior_day_capture,False,-9971,,9971,,,UTR5018019,2025-09-14,2025-09-15,
pay_000009019222,M90812655,timing_prior_day_capture,False,-19951,,19951,,,UTR5018020,2025-09-14,2025-09-15,
pay_000009019223,M92109215,timing_prior_day_capture,False,-1249963,,1249963,,,UTR5018021,2025-09-14,2025-09-15,
pay_000009019224,M18091245,timing_prior_day_capture,False,-49914,,49914,,,UTR5018022,2025-09-14,2025-09-15,
pay_000009019225,M65502006,timing_prior_day_capture,False,-19991,,19991,,,UTR5018023,2025-09-14,2025-09-15,
pay_000009019226,M65003880,timing_prior_day_capture,False,-24969,,24969,,,UTR5018024,2025-09-14,2025-09-15,
pay_000009019227,M43113375,timing_prior_day_capture,False,-150059,,150059,,,UTR5018025,2025-09-14,2025-09-15,
pay_000009019228,M28995152,timing_prior_day_capture,False,-599967,,599967,,,UTR5018026,2025-09-14,2025-09-15,
pay_000009019229,M47392676,timing_prior_day_capture,False,-150040,,150040,,,UTR5018027,2025-09-14,2025-09-15,
pay_000009019230,M46127770,timing_prior_day_capture,False,-199982,,199982,,,UTR5018028,2025-09-14,2025-09-15,
pay_000009019231,M40749958,timing_prior_day_capture,False,-19914,,19914,,,UTR5018029,2025-09-14,2025-09-15,
pay_000009019232,M34005993,timing_prior_day_capture,False,-99958,,99958,,,UTR5018030,2025-09-14,2025-09-15,
pay_000009019233,M32854706,timing_prior_day_capture,False,-9908,,9908,,,UTR5018031,2025-09-14,2025-09-15,
pay_000009019234,M84959366,timing_prior_day_capture,False,-49968,,49968,,,UTR5018032,2025-09-14,2025-09-15,
pay_000009019235,M65502006,timing_prior_day_capture,False,-19929,,19929,,,UTR5018033,2025-09-14,2025-09-15,
pay_000009019236,M27569871,timing_prior_day_capture,False,-49940,,49940,,,UTR5018034,2025-09-14,2025-09-15,
pay_000009019237,M85602508,timing_prior_day_capture,False,-1249901,,1249901,,,UTR5018035,2025-09-14,2025-09-15,
pay_000009019238,M64669408,timing_prior_day_capture,False,-19977,,19977,,,UTR5018036,2025-09-14,2025-09-15,
pay_000009019239,M79374858,timing_prior_day_capture,False,-1249936,,1249936,,,UTR5018037,2025-09-14,2025-09-15,
pay_000009019240,M63224010,timing_prior_day_capture,False,-24914,,24914,,,UTR5018038,2025-09-14,2025-09-15,
pay_000009019241,M14460455,timing_prior_day_capture,False,-99911,,99911,,,UTR5018039,2025-09-14,2025-09-15,
pay_000009019242,M44929059,timing_prior_day_capture,False,-599975,,599975,,,UTR5018040,2025-09-14,2025-09-15,
pay_000009019243,M81492094,timing_prior_day_capture,False,-24980,,24980,,,UTR5018041,2025-09-14,2025-09-15,
pay_000009019244,M53392764,timing_prior_day_capture,False,-19925,,19925,,,UTR5018042,2025-09-14,2025-09-15,
pay_000009019245,M32854706,timing_prior_day_capture,False,-24901,,24901,,,UTR5018043,2025-09-14,2025-09-15,
pay_000009019246,M59450351,timing_prior_day_capture,False,-24938,,24938,,,UTR5018044,2025-09-14,2025-09-15,
pay_000009019247,M44834709,timing_prior_day_capture,False,-49961,,49961,,,UTR5018045,2025-09-14,2025-09-15,
pay_000009019248,M89074272,timing_prior_day_capture,False,-24967,,24967,,,UTR5018046,2025-09-14,2025-09-15,
pay_000009019249,M59450351,timing_prior_day_capture,False,-24987,,24987,,,UTR5018047,2025-09-14,2025-09-15,
pay_000009019250,M39637009,timing_prior_day_capture,False,-49917,,49917,,,UTR5018048,2025-09-14,2025-09-15,
pay_000009019251,M83633800,timing_prior_day_capture,False,-19902,,19902,,,UTR5018049,2025-09-14,2025-09-15,
pay_000009019252,M66426710,timing_prior_day_capture,False,-349989,,349989,,,UTR5018050,2025-09-14,2025-09-15,
pay_000009019253,M95262453,timing_prior_day_capture,False,-9952,,9952,,,UTR5018051,2025-09-14,2025-09-15,
pay_000009019254,M92715158,timing_prior_day_capture,False,-349957,,349957,,,UTR5018052,2025-09-14,2025-09-15,
pay_000009019255,M75150235,timing_prior_day_capture,False,-9959,,9959,,,UTR5018053,2025-09-14,2025-09-15,
pay_000009019256,M44488815,timing_prior_day_capture,False,-99997,,99997,,,UTR5018054,2025-09-14,2025-09-15,
pay_000009019257,M41404562,timing_prior_day_capture,False,-150027,,150027,,,UTR5018055,2025-09-14,2025-09-15,
pay_000009019258,M41978779,timing_prior_day_capture,False,-99979,,99979,,,UTR5018056,2025-09-14,2025-09-15,
pay_000009019259,M28990984,timing_prior_day_capture,False,-1249997,,1249997,,,UTR5018057,2025-09-14,2025-09-15,
pay_000009019260,M27814328,timing_prior_day_capture,False,-199922,,199922,,,UTR5018058,2025-09-14,2025-09-15,
pay_000009019261,M58498736,timing_prior_day_capture,False,-599970,,599970,,,UTR5018059,2025-09-14,2025-09-15,
pay_000009019262,M15319619,timing_prior_day_capture,False,-199944,,199944,,,UTR5018060,2025-09-14,2025-09-15,
pay_000009019263,M25593655,timing_prior_day_capture,False,-9911,,9911,,,UTR5018061,2025-09-14,2025-09-15,
pay_000009019264,M93637695,timing_prior_day_capture,False,-19938,,19938,,,UTR5018062,2025-09-14,2025-09-15,
pay_000009019265,M79139260,timing_prior_day_capture,False,-99909,,99909,,,UTR5018063,2025-09-14,2025-09-15,
pay_000009019266,M78736512,timing_prior_day_capture,False,-49946,,49946,,,UTR5018064,2025-09-14,2025-09-15,
pay_000009019267,M33004156,timing_prior_day_capture,False,-19929,,19929,,,UTR5018065,2025-09-14,2025-09-15,
pay_000009019268,M33463453,timing_prior_day_capture,False,-49961,,49961,,,UTR5018066,2025-09-14,2025-09-15,
pay_000009019269,M80608304,timing_prior_day_capture,False,-349938,,349938,,,UTR5018067,2025-09-14,2025-09-15,
pay_000009019270,M93079575,timing_prior_day_capture,False,-24979,,24979,,,UTR5018068,2025-09-14,2025-09-15,
pay_000009019271,M37957105,timing_prior_day_capture,False,-9983,,9983,,,UTR5018069,2025-09-14,2025-09-15,
pay_000009019272,M53392764,timing_prior_day_capture,False,-24985,,24985,,,UTR5018070,2025-09-14,2025-09-15,
pay_000009019273,M44929059,timing_prior_day_capture,False,-99943,,99943,,,UTR5018071,2025-09-14,2025-09-15,
pay_000009019274,M42427010,timing_prior_day_capture,False,-599988,,599988,,,UTR5018072,2025-09-14,2025-09-15,
pay_000009019275,M16172155,timing_prior_day_capture,False,-19912,,19912,,,UTR5018073,2025-09-14,2025-09-15,
pay_000009019276,M66339257,timing_prior_day_capture,False,-199990,,199990,,,UTR5018074,2025-09-14,2025-09-15,
pay_000009019277,M83109042,timing_prior_day_capture,False,-99945,,99945,,,UTR5018075,2025-09-14,2025-09-15,
pay_000009019278,M62159117,timing_prior_day_capture,False,-199964,,199964,,,UTR5018076,2025-09-14,2025-09-15,
pay_000009019279,M89587270,timing_prior_day_capture,False,-599924,,599924,,,UTR5018077,2025-09-14,2025-09-15,
pay_000009019280,M39086478,timing_prior_day_capture,False,-19964,,19964,,,UTR5018078,2025-09-14,2025-09-15,
pay_000009019281,M89074272,timing_prior_day_capture,False,-349909,,349909,,,UTR5018079,2025-09-14,2025-09-15,
pay_000009019282,M58498736,timing_prior_day_capture,False,-349958,,349958,,,UTR5018080,2025-09-14,2025-09-15,
pay_000009019283,M43113375,timing_prior_day_capture,False,-349941,,349941,,,UTR5018081,2025-09-14,2025-09-15,
pay_000009019284,M26358200,timing_prior_day_capture,False,-349983,,349983,,,UTR5018082,2025-09-14,2025-09-15,
pay_000009019285,M38859896,timing_prior_day_capture,False,-199903,,199903,,,UTR5018083,2025-09-14,2025-09-15,
pay_000009019286,M22868378,timing_prior_day_capture,False,-150049,,150049,,,UTR5018084,2025-09-14,2025-09-15,
pay_000009019287,M52044167,timing_prior_day_capture,False,-99947,,99947,,,UTR5018085,2025-09-14,2025-09-15,
pay_000009019288,M61853757,timing_prior_day_capture,False,-199912,,199912,,,UTR5018086,2025-09-14,2025-09-15,
pay_000009019289,M75404338,timing_prior_day_capture,False,-599955,,599955,,,UTR5018087,2025-09-14,2025-09-15,
pay_000009019290,M87299796,timing_prior_day_capture,False,-1249922,,1249922,,,UTR5018088,2025-09-14,2025-09-15,
pay_000009019291,M42015979,timing_prior_day_capture,False,-150071,,150071,,,UTR5018089,2025-09-14,2025-09-15,
pay_000009019292,M68779434,timing_prior_day_capture,False,-150016,,150016,,,UTR5018090,2025-09-14,2025-09-15,
pay_000009019293,M79877744,timing_prior_day_capture,False,-199959,,199959,,,UTR5018091,2025-09-14,2025-09-15,
pay_000009019294,M60538494,timing_prior_day_capture,False,-24976,,24976,,,UTR5018092,2025-09-14,2025-09-15,
pay_000009019295,M44042718,timing_prior_day_capture,False,-199965,,199965,,,UTR5018093,2025-09-14,2025-09-15,
pay_000009019296,M81492094,timing_prior_day_capture,False,-199974,,199974,,,UTR5018094,2025-09-14,2025-09-15,
pay_000009019297,M39345776,timing_prior_day_capture,False,-9992,,9992,,,UTR5018095,2025-09-14,2025-09-15,
pay_000009019298,M70993207,timing_prior_day_capture,False,-99956,,99956,,,UTR5018096,2025-09-14,2025-09-15,
pay_000009019299,M64483876,timing_prior_day_capture,False,-49975,,49975,,,UTR5018097,2025-09-14,2025-09-15,
pay_000009019300,M78736512,timing_prior_day_capture,False,-24914,,24914,,,UTR5018098,2025-09-14,2025-09-15,
pay_000009019301,M54920657,timing_prior_day_capture,False,-599916,,599916,,,UTR5018099,2025-09-14,2025-09-15,
pay_000009019302,M44343181,timing_prior_day_capture,False,-9934,,9934,,,UTR5018100,2025-09-14,2025-09-15,
pay_000009019303,M53392764,timing_prior_day_capture,False,-150073,,150073,,,UTR5018101,2025-09-14,2025-09-15,
pay_000009019304,M84288565,timing_prior_day_capture,False,-599981,,599981,,,UTR5018102,2025-09-14,2025-09-15,
pay_000009019305,M98959631,timing_prior_day_capture,False,-1249919,,1249919,,,UTR5018103,2025-09-14,2025-09-15,
pay_000009019306,M52351293,timing_prior_day_capture,False,-24910,,24910,,,UTR5018104,2025-09-14,2025-09-15,
pay_000009019307,M72569289,timing_prior_day_capture,False,-24972,,24972,,,UTR5018105,2025-09-14,2025-09-15,
pay_000009019308,M60222563,timing_prior_day_capture,False,-99985,,99985,,,UTR5018106,2025-09-14,2025-09-15,
pay_000009019309,M92891774,timing_prior_day_capture,False,-349950,,349950,,,UTR5018107,2025-09-14,2025-09-15,
pay_000009019310,M98444591,timing_prior_day_capture,False,-349938,,349938,,,UTR5018108,2025-09-14,2025-09-15,
pay_000009019311,M28995152,timing_prior_day_capture,False,-99979,,99979,,,UTR5018109,2025-09-14,2025-09-15,
pay_000009019312,M92109215,timing_prior_day_capture,False,-49961,,49961,,,UTR5018110,2025-09-14,2025-09-15,
pay_000009019313,M35438140,timing_prior_day_capture,False,-349935,,349935,,,UTR5018111,2025-09-14,2025-09-15,
pay_000009019314,M10327916,timing_prior_day_capture,False,-19915,,19915,,,UTR5018112,2025-09-14,2025-09-15,
pay_000009019315,M47549642,timing_prior_day_capture,False,-99929,,99929,,,UTR5018113,2025-09-14,2025-09-15,
pay_000009019316,M27138722,timing_prior_day_capture,False,-150082,,150082,,,UTR5018114,2025-09-14,2025-09-15,
pay_000009019317,M61015717,timing_prior_day_capture,False,-49925,,49925,,,UTR5018115,2025-09-14,2025-09-15,
pay_000009019318,M70993207,timing_prior_day_capture,False,-49976,,49976,,,UTR5018116,2025-09-14,2025-09-15,
pay_000009019319,M75238113,timing_prior_day_capture,False,-199948,,199948,,,UTR5018117,2025-09-14,2025-09-15,
pay_000009019320,M92891774,timing_prior_day_capture,False,-49995,,49995,,,UTR5018118,2025-09-14,2025-09-15,
pay_000009019321,M12909738,timing_prior_day_capture,False,-599959,,599959,,,UTR5018119,2025-09-14,2025-09-15,
pay_000009019322,M16172155,timing_prior_day_capture,False,-19949,,19949,,,UTR5018120,2025-09-14,2025-09-15,
pay_000009019323,M75238113,timing_prior_day_capture,False,-99929,,99929,,,UTR5018121,2025-09-14,2025-09-15,
pay_000009019324,M56448641,timing_prior_day_capture,False,-349919,,349919,,,UTR5018122,2025-09-14,2025-09-15,
pay_000009019325,M84968670,timing_prior_day_capture,False,-99947,,99947,,,UTR5018123,2025-09-14,2025-09-15,
pay_000009019326,M65003880,timing_prior_day_capture,False,-19919,,19919,,,UTR5018124,2025-09-14,2025-09-15,
pay_000009019327,M79877744,timing_prior_day_capture,False,-9970,,9970,,,UTR5018125,2025-09-14,2025-09-15,
pay_000009019328,M19418093,timing_prior_day_capture,False,-49981,,49981,,,UTR5018126,2025-09-14,2025-09-15,
pay_000009019329,M45674239,timing_prior_day_capture,False,-599903,,599903,,,UTR5018127,2025-09-14,2025-09-15,
pay_000009019330,M12658103,timing_prior_day_capture,False,-150087,,150087,,,UTR5018128,2025-09-14,2025-09-15,
pay_000009019331,M49344397,timing_prior_day_capture,False,-1249924,,1249924,,,UTR5018129,2025-09-14,2025-09-15,
pay_000009019332,M64669408,timing_prior_day_capture,False,-49937,,49937,,,UTR5018130,2025-09-14,2025-09-15,
pay_000009019333,M89139629,timing_prior_day_capture,False,-99924,,99924,,,UTR5018131,2025-09-14,2025-09-15,
pay_000009019334,M64145453,timing_prior_day_capture,False,-150012,,150012,,,UTR5018132,2025-09-14,2025-09-15,
pay_000009019335,M43796998,timing_prior_day_capture,False,-99950,,99950,,,UTR5018133,2025-09-14,2025-09-15,
pay_000009019336,M66518730,timing_prior_day_capture,False,-349983,,349983,,,UTR5018134,2025-09-14,2025-09-15,
pay_000009019337,M71867858,timing_prior_day_capture,False,-150011,,150011,,,UTR5018135,2025-09-14,2025-09-15,
pay_000009019338,M16499077,timing_prior_day_capture,False,-49913,,49913,,,UTR5018136,2025-09-14,2025-09-15,
pay_000009019339,M55601366,timing_prior_day_capture,False,-150017,,150017,,,UTR5018137,2025-09-14,2025-09-15,
pay_000009019340,M95138410,timing_prior_day_capture,False,-19928,,19928,,,UTR5018138,2025-09-14,2025-09-15,
pay_000009019341,M90812655,timing_prior_day_capture,False,-9931,,9931,,,UTR5018139,2025-09-14,2025-09-15,
pay_000009019342,M16112266,timing_prior_day_capture,False,-9989,,9989,,,UTR5018140,2025-09-14,2025-09-15,
pay_000009019343,M84613085,timing_prior_day_capture,False,-99966,,99966,,,UTR5018141,2025-09-14,2025-09-15,
pay_000009019344,M25925425,timing_prior_day_capture,False,-599963,,599963,,,UTR5018142,2025-09-14,2025-09-15,
pay_000009019345,M87227280,timing_prior_day_capture,False,-599971,,599971,,,UTR5018143,2025-09-14,2025-09-15,
pay_000009019346,M91408484,timing_prior_day_capture,False,-9962,,9962,,,UTR5018144,2025-09-14,2025-09-15,
pay_000009019347,M41404562,timing_prior_day_capture,False,-199984,,199984,,,UTR5018145,2025-09-14,2025-09-15,
pay_000009019348,M20149284,timing_prior_day_capture,False,-199979,,199979,,,UTR5018146,2025-09-14,2025-09-15,
pay_000009019349,M13741012,timing_prior_day_capture,False,-199965,,199965,,,UTR5018147,2025-09-14,2025-09-15,
pay_000009019350,M66651069,timing_prior_day_capture,False,-150036,,150036,,,UTR5018148,2025-09-14,2025-09-15,
pay_000009019351,M85427386,timing_prior_day_capture,False,-1249953,,1249953,,,UTR5018149,2025-09-14,2025-09-15,
pay_000009019352,M84968670,timing_prior_day_capture,False,-150018,,150018,,,UTR5018150,2025-09-14,2025-09-15,
pay_000009019353,M35961289,timing_prior_day_capture,False,-19936,,19936,,,UTR5018151,2025-09-14,2025-09-15,
pay_000009019354,M73661612,timing_prior_day_capture,False,-9918,,9918,,,UTR5018152,2025-09-14,2025-09-15,
pay_000009019355,M68911010,timing_prior_day_capture,False,-349999,,349999,,,UTR5018153,2025-09-14,2025-09-15,
pay_000009019356,M30903465,timing_prior_day_capture,False,-349905,,349905,,,UTR5018154,2025-09-14,2025-09-15,
pay_000009019357,M49214068,timing_prior_day_capture,False,-9904,,9904,,,UTR5018155,2025-09-14,2025-09-15,
pay_000009019358,M27569871,timing_prior_day_capture,False,-49994,,49994,,,UTR5018156,2025-09-14,2025-09-15,
pay_000009019359,M16499077,timing_prior_day_capture,False,-9995,,9995,,,UTR5018157,2025-09-14,2025-09-15,
pay_000009019360,M29636122,timing_prior_day_capture,False,-349951,,349951,,,UTR5018158,2025-09-14,2025-09-15,
pay_000009019361,M41193306,timing_prior_day_capture,False,-19983,,19983,,,UTR5018159,2025-09-14,2025-09-15,
pay_000009019362,M63947826,timing_prior_day_capture,False,-599912,,599912,,,UTR5018160,2025-09-14,2025-09-15,
pay_000009019363,M60343451,timing_prior_day_capture,False,-49997,,49997,,,UTR5018161,2025-09-14,2025-09-15,
pay_000009019364,M52952608,timing_prior_day_capture,False,-19990,,19990,,,UTR5018162,2025-09-14,2025-09-15,
pay_000009019365,M91408484,timing_prior_day_capture,False,-149999,,149999,,,UTR5018163,2025-09-14,2025-09-15,
pay_000009019366,M84980419,timing_prior_day_capture,False,-599989,,599989,,,UTR5018164,2025-09-14,2025-09-15,
pay_000009019367,M52952608,timing_prior_day_capture,False,-599957,,599957,,,UTR5018165,2025-09-14,2025-09-15,
pay_000009019368,M54900510,timing_prior_day_capture,False,-24934,,24934,,,UTR5018166,2025-09-14,2025-09-15,
pay_000009019369,M13785608,timing_prior_day_capture,False,-150004,,150004,,,UTR5018167,2025-09-14,2025-09-15,
pay_000009019370,M84288565,timing_prior_day_capture,False,-150055,,150055,,,UTR5018168,2025-09-14,2025-09-15,
pay_000009019371,M29806633,timing_prior_day_capture,False,-1249997,,1249997,,,UTR5018169,2025-09-14,2025-09-15,
pay_000009019372,M61371858,timing_prior_day_capture,False,-24950,,24950,,,UTR5018170,2025-09-14,2025-09-15,
pay_000009019373,M16465801,timing_prior_day_capture,False,-99911,,99911,,,UTR5018171,2025-09-14,2025-09-15,
pay_000009019374,M72939559,timing_prior_day_capture,False,-349986,,349986,,,UTR5018172,2025-09-14,2025-09-15,
pay_000009019375,M20149284,timing_prior_day_capture,False,-9963,,9963,,,UTR5018173,2025-09-14,2025-09-15,
pay_000009019376,M73042576,timing_prior_day_capture,False,-199959,,199959,,,UTR5018174,2025-09-14,2025-09-15,
pay_000009019377,M68621284,timing_prior_day_capture,False,-9928,,9928,,,UTR5018175,2025-09-14,2025-09-15,
pay_000009019378,M81492094,timing_prior_day_capture,False,-349916,,349916,,,UTR5018176,2025-09-14,2025-09-15,
pay_000009019379,M96048437,timing_prior_day_capture,False,-9953,,9953,,,UTR5018177,2025-09-14,2025-09-15,
pay_000009019380,M12658103,timing_prior_day_capture,False,-349959,,349959,,,UTR5018178,2025-09-14,2025-09-15,
pay_000009019381,M86171298,timing_prior_day_capture,False,-24950,,24950,,,UTR5018179,2025-09-14,2025-09-15,
pay_000009019382,M29806633,timing_prior_day_capture,False,-349917,,349917,,,UTR5018180,2025-09-14,2025-09-15,
pay_000009019383,M64828960,timing_prior_day_capture,False,-19973,,19973,,,UTR5018181,2025-09-14,2025-09-15,
pay_000009019384,M79374858,timing_prior_day_capture,False,-150020,,150020,,,UTR5018182,2025-09-14,2025-09-15,
pay_000009019385,M14690350,timing_prior_day_capture,False,-349982,,349982,,,UTR5018183,2025-09-14,2025-09-15,
pay_000009019386,M90503187,timing_prior_day_capture,False,-199979,,199979,,,UTR5018184,2025-09-14,2025-09-15,
pay_000009019387,M12210990,timing_prior_day_capture,False,-24931,,24931,,,UTR5018185,2025-09-14,2025-09-15,
pay_000009019388,M89139629,timing_prior_day_capture,False,-19943,,19943,,,UTR5018186,2025-09-14,2025-09-15,
pay_000009019389,M92109215,timing_prior_day_capture,False,-24927,,24927,,,UTR5018187,2025-09-14,2025-09-15,
pay_000009019390,M83433129,timing_prior_day_capture,False,-99938,,99938,,,UTR5018188,2025-09-14,2025-09-15,
pay_000009019391,M85603833,timing_prior_day_capture,False,-9903,,9903,,,UTR5018189,2025-09-14,2025-09-15,
pay_000009019392,M62798018,timing_prior_day_capture,False,-150013,,150013,,,UTR5018190,2025-09-14,2025-09-15,
pay_000009019393,M46703582,timing_prior_day_capture,False,-9992,,9992,,,UTR5018191,2025-09-14,2025-09-15,
pay_000009019394,M41452943,timing_prior_day_capture,False,-99918,,99918,,,UTR5018192,2025-09-14,2025-09-15,
pay_000009019395,M95138410,timing_prior_day_capture,False,-99975,,99975,,,UTR5018193,2025-09-14,2025-09-15,
pay_000009019396,M27814328,timing_prior_day_capture,False,-599953,,599953,,,UTR5018194,2025-09-14,2025-09-15,
pay_000009019397,M58765262,timing_prior_day_capture,False,-599951,,599951,,,UTR5018195,2025-09-14,2025-09-15,
pay_000009019398,M44098401,timing_prior_day_capture,False,-599981,,599981,,,UTR5018196,2025-09-14,2025-09-15,
pay_000009019399,M56234030,timing_prior_day_capture,False,-150072,,150072,,,UTR5018197,2025-09-14,2025-09-15,
pay_000009019400,M64828960,timing_prior_day_capture,False,-99975,,99975,,,UTR5018198,2025-09-14,2025-09-15,
pay_000009019401,M40844779,timing_prior_day_capture,False,-150076,,150076,,,UTR5018199,2025-09-14,2025-09-15,
pay_000009019402,M21099059,timing_prior_day_capture,False,-24995,,24995,,,UTR5018200,2025-09-14,2025-09-15,
pay_000009019403,M68826427,timing_prior_day_capture,False,-599919,,599919,,,UTR5018201,2025-09-14,2025-09-15,
pay_000009019404,M69162026,timing_prior_day_capture,False,-19941,,19941,,,UTR5018202,2025-09-14,2025-09-15,
pay_000009019405,M73661688,timing_prior_day_capture,False,-49958,,49958,,,UTR5018203,2025-09-14,2025-09-15,
pay_000009019406,M27138722,timing_prior_day_capture,False,-349999,,349999,,,UTR5018204,2025-09-14,2025-09-15,
pay_000009019407,M21539434,timing_prior_day_capture,False,-99955,,99955,,,UTR5018205,2025-09-14,2025-09-15,
pay_000009019408,M26118514,timing_prior_day_capture,False,-150034,,150034,,,UTR5018206,2025-09-14,2025-09-15,
pay_000009019409,M63947826,timing_prior_day_capture,False,-199942,,199942,,,UTR5018207,2025-09-14,2025-09-15,
pay_000009019410,M66520117,timing_prior_day_capture,False,-9960,,9960,,,UTR5018208,2025-09-14,2025-09-15,
pay_000009019411,M54653648,timing_prior_day_capture,False,-199980,,199980,,,UTR5018209,2025-09-14,2025-09-15,
pay_000009019412,M16465801,timing_prior_day_capture,False,-99910,,99910,,,UTR5018210,2025-09-14,2025-09-15,
pay_000009019413,M65473271,timing_prior_day_capture,False,-49983,,49983,,,UTR5018211,2025-09-14,2025-09-15,
pay_000009019414,M96887220,timing_prior_day_capture,False,-199906,,199906,,,UTR5018212,2025-09-14,2025-09-15,
pay_000009019415,M49186036,timing_prior_day_capture,False,-99926,,99926,,,UTR5018213,2025-09-14,2025-09-15,
pay_000009019416,M60343451,timing_prior_day_capture,False,-24953,,24953,,,UTR5018214,2025-09-14,2025-09-15,
pay_000009019417,M68269082,timing_prior_day_capture,False,-199951,,199951,,,UTR5018215,2025-09-14,2025-09-15,
pay_000009019418,M56569368,timing_prior_day_capture,False,-19904,,19904,,,UTR5018216,2025-09-14,2025-09-15,
pay_000009019419,M13741012,timing_prior_day_capture,False,-1249913,,1249913,,,UTR5018217,2025-09-14,2025-09-15,
pay_000009019420,M29806633,timing_prior_day_capture,False,-199926,,199926,,,UTR5018218,2025-09-14,2025-09-15,
pay_000009019421,M45674239,timing_prior_day_capture,False,-199993,,199993,,,UTR5018219,2025-09-14,2025-09-15,
pay_000009019422,M16112266,timing_prior_day_capture,False,-49984,,49984,,,UTR5018220,2025-09-14,2025-09-15,
pay_000009019423,M65473271,timing_prior_day_capture,False,-599909,,599909,,,UTR5018221,2025-09-14,2025-09-15,
pay_000009019424,M75391713,timing_prior_day_capture,False,-199931,,199931,,,UTR5018222,2025-09-14,2025-09-15,
pay_000009019425,M21804718,timing_prior_day_capture,False,-199953,,199953,,,UTR5018223,2025-09-14,2025-09-15,
pay_000009019426,M66557825,timing_prior_day_capture,False,-349972,,349972,,,UTR5018224,2025-09-14,2025-09-15,
pay_000009019427,M96355121,timing_prior_day_capture,False,-199916,,199916,,,UTR5018225,2025-09-14,2025-09-15,
pay_000009019428,M88447569,timing_prior_day_capture,False,-599917,,599917,,,UTR5018226,2025-09-14,2025-09-15,
pay_000009019429,M97115569,timing_prior_day_capture,False,-599977,,599977,,,UTR5018227,2025-09-14,2025-09-15,
pay_000009019430,M21436096,timing_prior_day_capture,False,-1249917,,1249917,,,UTR5018228,2025-09-14,2025-09-15,
pay_000009019431,M44098401,timing_prior_day_capture,False,-150083,,150083,,,UTR5018229,2025-09-14,2025-09-15,
pay_000009019432,M65805815,timing_prior_day_capture,False,-49991,,49991,,,UTR5018230,2025-09-14,2025-09-15,
pay_000009019433,M64902019,timing_prior_day_capture,False,-199942,,199942,,,UTR5018231,2025-09-14,2025-09-15,
pay_000009019434,M36093158,timing_prior_day_capture,False,-1249970,,1249970,,,UTR5018232,2025-09-14,2025-09-15,
pay_000009019435,M44343181,timing_prior_day_capture,False,-24920,,24920,,,UTR5018233,2025-09-14,2025-09-15,
pay_000009019436,M71850959,timing_prior_day_capture,False,-9976,,9976,,,UTR5018234,2025-09-14,2025-09-15,
pay_000009019437,M76002579,timing_prior_day_capture,False,-99972,,99972,,,UTR5018235,2025-09-14,2025-09-15,
pay_000009019438,M65502006,timing_prior_day_capture,False,-99981,,99981,,,UTR5018236,2025-09-14,2025-09-15,
pay_000009019439,M21559956,timing_prior_day_capture,False,-49923,,49923,,,UTR5018237,2025-09-14,2025-09-15,
pay_000009019440,M69162026,timing_prior_day_capture,False,-349998,,349998,,,UTR5018238,2025-09-14,2025-09-15,
pay_000009019441,M41452943,timing_prior_day_capture,False,-150012,,150012,,,UTR5018239,2025-09-14,2025-09-15,
pay_000009019442,M91369117,timing_prior_day_capture,False,-599957,,599957,,,UTR5018240,2025-09-14,2025-09-15,
pay_000009019443,M16388887,timing_prior_day_capture,False,-99978,,99978,,,UTR5018241,2025-09-14,2025-09-15,
pay_000009019444,M18694053,timing_prior_day_capture,False,-49969,,49969,,,UTR5018242,2025-09-14,2025-09-15,
pay_000009019445,M30452272,timing_prior_day_capture,False,-24905,,24905,,,UTR5018243,2025-09-14,2025-09-15,
pay_000009019446,M27138722,timing_prior_day_capture,False,-1249994,,1249994,,,UTR5018244,2025-09-14,2025-09-15,
pay_000009019447,M14431382,timing_prior_day_capture,False,-24923,,24923,,,UTR5018245,2025-09-14,2025-09-15,
pay_000009019448,M32854706,timing_prior_day_capture,False,-9966,,9966,,,UTR5018246,2025-09-14,2025-09-15,
pay_000009019449,M19037258,timing_prior_day_capture,False,-349919,,349919,,,UTR5018247,2025-09-14,2025-09-15,
pay_000009019450,M53341910,timing_prior_day_capture,False,-599902,,599902,,,UTR5018248,2025-09-14,2025-09-15,
pay_000009019451,M89532034,timing_prior_day_capture,False,-99975,,99975,,,UTR5018249,2025-09-14,2025-09-15,
pay_000009019452,M64483876,timing_prior_day_capture,False,-1249921,,1249921,,,UTR5018250,2025-09-14,2025-09-15,
pay_000009019453,M98721314,timing_prior_day_capture,False,-599942,,599942,,,UTR5018251,2025-09-14,2025-09-15,
pay_000009019454,M15319619,timing_prior_day_capture,False,-19986,,19986,,,UTR5018252,2025-09-14,2025-09-15,
pay_000009019455,M72569289,timing_prior_day_capture,False,-99937,,99937,,,UTR5018253,2025-09-14,2025-09-15,
pay_000009019456,M43796998,timing_prior_day_capture,False,-24954,,24954,,,UTR5018254,2025-09-14,2025-09-15,
pay_000009019457,M55228477,timing_prior_day_capture,False,-24907,,24907,,,UTR5018255,2025-09-14,2025-09-15,
pay_000009019458,M65003880,timing_prior_day_capture,False,-24976,,24976,,,UTR5018256,2025-09-14,2025-09-15,
pay_000009019459,M44509947,timing_prior_day_capture,False,-199942,,199942,,,UTR5018257,2025-09-14,2025-09-15,
pay_000009019460,M15761217,timing_prior_day_capture,False,-99974,,99974,,,UTR5018258,2025-09-14,2025-09-15,
pay_000009019461,M21765446,timing_prior_day_capture,False,-150030,,150030,,,UTR5018259,2025-09-14,2025-09-15,
pay_000009019462,M66546635,timing_prior_day_capture,False,-99989,,99989,,,UTR5018260,2025-09-14,2025-09-15,
pay_000009019463,M34370788,timing_prior_day_capture,False,-19949,,19949,,,UTR5018261,2025-09-14,2025-09-15,
pay_000009019464,M71867858,timing_prior_day_capture,False,-24920,,24920,,,UTR5018262,2025-09-14,2025-09-15,
pay_000009019465,M88447569,timing_prior_day_capture,False,-599929,,599929,,,UTR5018263,2025-09-14,2025-09-15,
pay_000009019466,M77853702,timing_prior_day_capture,False,-49953,,49953,,,UTR5018264,2025-09-14,2025-09-15,
pay_000009019467,M23926979,timing_prior_day_capture,False,-99961,,99961,,,UTR5018265,2025-09-14,2025-09-15,
pay_000009019468,M34370788,timing_prior_day_capture,False,-150042,,150042,,,UTR5018266,2025-09-14,2025-09-15,
pay_000009019469,M63224010,timing_prior_day_capture,False,-199931,,199931,,,UTR5018267,2025-09-14,2025-09-15,
pay_000009019470,M60634697,timing_prior_day_capture,False,-150084,,150084,,,UTR5018268,2025-09-14,2025-09-15,
pay_000009019471,M11605963,timing_prior_day_capture,False,-9981,,9981,,,UTR5018269,2025-09-14,2025-09-15,
pay_000009019472,M49279774,timing_prior_day_capture,False,-99980,,99980,,,UTR5018270,2025-09-14,2025-09-15,
pay_000009019473,M15354267,timing_prior_day_capture,False,-349999,,349999,,,UTR5018271,2025-09-14,2025-09-15,
pay_000009019474,M95138410,timing_prior_day_capture,False,-599904,,599904,,,UTR5018272,2025-09-14,2025-09-15,
pay_000009019475,M58602600,timing_prior_day_capture,False,-599947,,599947,,,UTR5018273,2025-09-14,2025-09-15,
pay_000009019476,M70964452,timing_prior_day_capture,False,-19992,,19992,,,UTR5018274,2025-09-14,2025-09-15,
pay_000009019477,M20010054,timing_prior_day_capture,False,-199957,,199957,,,UTR5018275,2025-09-14,2025-09-15,
pay_000009019478,M45044006,timing_prior_day_capture,False,-599931,,599931,,,UTR5018276,2025-09-14,2025-09-15,
pay_000009019479,M18694053,timing_prior_day_capture,False,-150074,,150074,,,UTR5018277,2025-09-14,2025-09-15,
pay_000009019480,M18284434,timing_prior_day_capture,False,-599982,,599982,,,UTR5018278,2025-09-14,2025-09-15,
pay_000009019481,M83487104,timing_prior_day_capture,False,-150009,,150009,,,UTR5018279,2025-09-14,2025-09-15,
pay_000009019482,M49277527,timing_prior_day_capture,False,-99916,,99916,,,UTR5018280,2025-09-14,2025-09-15,
pay_000009019483,M54117248,timing_prior_day_capture,False,-150000,,150000,,,UTR5018281,2025-09-14,2025-09-15,
pay_000009019484,M53181122,timing_prior_day_capture,False,-599962,,599962,,,UTR5018282,2025-09-14,2025-09-15,
pay_000009019485,M92891774,timing_prior_day_capture,False,-49927,,49927,,,UTR5018283,2025-09-14,2025-09-15,
pay_000009019486,M60222563,timing_prior_day_capture,False,-19917,,19917,,,UTR5018284,2025-09-14,2025-09-15,
pay_000009019487,M25925425,timing_prior_day_capture,False,-199947,,199947,,,UTR5018285,2025-09-14,2025-09-15,
pay_000009019488,M83420677,timing_prior_day_capture,False,-49907,,49907,,,UTR5018286,2025-09-14,2025-09-15,
pay_000009019489,M96355121,timing_prior_day_capture,False,-99975,,99975,,,UTR5018287,2025-09-14,2025-09-15,
pay_000009019490,M15354267,timing_prior_day_capture,False,-19907,,19907,,,UTR5018288,2025-09-14,2025-09-15,
pay_000009019491,M68911010,timing_prior_day_capture,False,-99900,,99900,,,UTR5018289,2025-09-14,2025-09-15,
pay_000009019492,M75404338,timing_prior_day_capture,False,-349926,,349926,,,UTR5018290,2025-09-14,2025-09-15,
pay_000009019493,M66339257,timing_prior_day_capture,False,-49973,,49973,,,UTR5018291,2025-09-14,2025-09-15,
pay_000009019494,M68826427,timing_prior_day_capture,False,-149991,,149991,,,UTR5018292,2025-09-14,2025-09-15,
pay_000009019495,M44929059,timing_prior_day_capture,False,-1249949,,1249949,,,UTR5018293,2025-09-14,2025-09-15,
pay_000009019496,M83433129,timing_prior_day_capture,False,-199987,,199987,,,UTR5018294,2025-09-14,2025-09-15,
pay_000009019497,M90812655,timing_prior_day_capture,False,-1249966,,1249966,,,UTR5018295,2025-09-14,2025-09-15,
pay_000009019498,M89532034,timing_prior_day_capture,False,-99906,,99906,,,UTR5018296,2025-09-14,2025-09-15,
pay_000009019499,M75809988,timing_prior_day_capture,False,-150034,,150034,,,UTR5018297,2025-09-14,2025-09-15,
pay_000009019500,M88604491,timing_prior_day_capture,False,-9903,,9903,,,UTR5018298,2025-09-14,2025-09-15,
pay_000009019501,M22868378,timing_prior_day_capture,False,-49937,,49937,,,UTR5018299,2025-09-14,2025-09-15,
pay_000009019502,M16172155,timing_prior_day_capture,False,-1249974,,1249974,,,UTR5018300,2025-09-14,2025-09-15,
pay_000009019503,M21765446,timing_prior_day_capture,False,-24959,,24959,,,UTR5018301,2025-09-14,2025-09-15,
pay_000009019504,M81492094,timing_prior_day_capture,False,-99958,,99958,,,UTR5018302,2025-09-14,2025-09-15,
pay_000009019505,M90782036,timing_prior_day_capture,False,-9988,,9988,,,UTR5018303,2025-09-14,2025-09-15,
pay_000009019506,M33004156,timing_prior_day_capture,False,-199999,,199999,,,UTR5018304,2025-09-14,2025-09-15,
pay_000009019507,M91513011,timing_prior_day_capture,False,-99945,,99945,,,UTR5018305,2025-09-14,2025-09-15,
pay_000009019508,M70022075,timing_prior_day_capture,False,-150004,,150004,,,UTR5018306,2025-09-14,2025-09-15,
pay_000009019509,M86518900,timing_prior_day_capture,False,-349914,,349914,,,UTR5018307,2025-09-14,2025-09-15,
pay_000009019510,M88447569,timing_prior_day_capture,False,-9985,,9985,,,UTR5018308,2025-09-14,2025-09-15,
pay_000009019511,M49344397,timing_prior_day_capture,False,-99930,,99930,,,UTR5018309,2025-09-14,2025-09-15,
pay_000009019512,M83109042,timing_prior_day_capture,False,-150022,,150022,,,UTR5018310,2025-09-14,2025-09-15,
pay_000009019513,M83487104,timing_prior_day_capture,False,-150078,,150078,,,UTR5018311,2025-09-14,2025-09-15,
pay_000009019514,M43868403,timing_prior_day_capture,False,-49904,,49904,,,UTR5018312,2025-09-14,2025-09-15,
pay_000009019515,M59694325,timing_prior_day_capture,False,-24993,,24993,,,UTR5018313,2025-09-14,2025-09-15,
pay_000009019516,M25994767,timing_prior_day_capture,False,-9981,,9981,,,UTR5018314,2025-09-14,2025-09-15,
pay_000009019517,M43796998,timing_prior_day_capture,False,-49941,,49941,,,UTR5018315,2025-09-14,2025-09-15,
pay_000009019518,M66632544,timing_prior_day_capture,False,-349968,,349968,,,UTR5018316,2025-09-14,2025-09-15,
pay_000009019519,M62798018,timing_prior_day_capture,False,-199944,,199944,,,UTR5018317,2025-09-14,2025-09-15,
pay_000009019520,M17376114,timing_prior_day_capture,False,-349956,,349956,,,UTR5018318,2025-09-14,2025-09-15,
pay_000009019521,M87248824,timing_prior_day_capture,False,-19983,,19983,,,UTR5018319,2025-09-14,2025-09-15,
pay_000009019522,M13074808,timing_prior_day_capture,False,-199933,,199933,,,UTR5018320,2025-09-14,2025-09-15,
pay_000009019523,M92715158,timing_prior_day_capture,False,-24974,,24974,,,UTR5018321,2025-09-14,2025-09-15,
pay_000009019524,M80826716,timing_prior_day_capture,False,-599969,,599969,,,UTR5018322,2025-09-14,2025-09-15,
pay_000009019525,M71850959,timing_prior_day_capture,False,-9974,,9974,,,UTR5018323,2025-09-14,2025-09-15,
pay_000009019526,M15354267,timing_prior_day_capture,False,-99916,,99916,,,UTR5018324,2025-09-14,2025-09-15,
pay_000009019527,M61015717,timing_prior_day_capture,False,-99908,,99908,,,UTR5018325,2025-09-14,2025-09-15,
pay_000009019528,M26522788,timing_prior_day_capture,False,-19949,,19949,,,UTR5018326,2025-09-14,2025-09-15,
pay_000009019529,M87227280,timing_prior_day_capture,False,-24942,,24942,,,UTR5018327,2025-09-14,2025-09-15,
pay_000009019530,M15319619,timing_prior_day_capture,False,-349919,,349919,,,UTR5018328,2025-09-14,2025-09-15,
pay_000009019531,M87248824,timing_prior_day_capture,False,-199911,,199911,,,UTR5018329,2025-09-14,2025-09-15,
pay_000009019532,M78845227,timing_prior_day_capture,False,-99991,,99991,,,UTR5018330,2025-09-14,2025-09-15,
pay_000009019533,M68224272,timing_prior_day_capture,False,-599906,,599906,,,UTR5018331,2025-09-14,2025-09-15,
pay_000009019534,M58350220,timing_prior_day_capture,False,-9914,,9914,,,UTR5018332,2025-09-14,2025-09-15,
pay_000009019535,M96590861,timing_prior_day_capture,False,-9960,,9960,,,UTR5018333,2025-09-14,2025-09-15,
pay_000009019536,M39793016,timing_prior_day_capture,False,-1249959,,1249959,,,UTR5018334,2025-09-14,2025-09-15,
pay_000009019537,M16388887,timing_prior_day_capture,False,-24999,,24999,,,UTR5018335,2025-09-14,2025-09-15,
pay_000009019538,M46127770,timing_prior_day_capture,False,-1249958,,1249958,,,UTR5018336,2025-09-14,2025-09-15,
pay_000009019539,M10167692,timing_prior_day_capture,False,-99902,,99902,,,UTR5018337,2025-09-14,2025-09-15,
pay_000009019540,M61801892,timing_prior_day_capture,False,-19954,,19954,,,UTR5018338,2025-09-14,2025-09-15,
pay_000009019541,M66518730,timing_prior_day_capture,False,-199964,,199964,,,UTR5018339,2025-09-14,2025-09-15,
pay_000009019542,M10588136,timing_prior_day_capture,False,-99968,,99968,,,UTR5018340,2025-09-14,2025-09-15,
pay_000009019543,M54117248,timing_prior_day_capture,False,-1249903,,1249903,,,UTR5018341,2025-09-14,2025-09-15,
pay_000009019544,M98444591,timing_prior_day_capture,False,-199941,,199941,,,UTR5018342,2025-09-14,2025-09-15,
pay_000009019545,M89074272,timing_prior_day_capture,False,-199978,,199978,,,UTR5018343,2025-09-14,2025-09-15,
pay_000009019546,M33004156,timing_prior_day_capture,False,-1249951,,1249951,,,UTR5018344,2025-09-14,2025-09-15,
pay_000009019547,M44929059,timing_prior_day_capture,False,-150029,,150029,,,UTR5018345,2025-09-14,2025-09-15,
pay_000009019548,M79019281,timing_prior_day_capture,False,-199996,,199996,,,UTR5018346,2025-09-14,2025-09-15,
pay_000009019549,M93637695,timing_prior_day_capture,False,-19959,,19959,,,UTR5018347,2025-09-14,2025-09-15,
pay_000009019550,M85602508,timing_prior_day_capture,False,-24919,,24919,,,UTR5018348,2025-09-14,2025-09-15,
pay_000009019551,M23926979,timing_prior_day_capture,False,-349900,,349900,,,UTR5018349,2025-09-14,2025-09-15,
pay_000009019552,M66339257,timing_prior_day_capture,False,-150083,,150083,,,UTR5018350,2025-09-14,2025-09-15,
pay_000009019553,M60634697,timing_prior_day_capture,False,-599933,,599933,,,UTR5018351,2025-09-14,2025-09-15,
pay_000009019554,M68989250,timing_prior_day_capture,False,-349953,,349953,,,UTR5018352,2025-09-14,2025-09-15,
pay_000009019555,M37689941,timing_prior_day_capture,False,-99977,,99977,,,UTR5018353,2025-09-14,2025-09-15,
pay_000009019556,M93619349,timing_prior_day_capture,False,-49921,,49921,,,UTR5018354,2025-09-14,2025-09-15,
pay_000009019557,M65473271,timing_prior_day_capture,False,-9979,,9979,,,UTR5018355,2025-09-14,2025-09-15,
pay_000009019558,M75238113,timing_prior_day_capture,False,-1249988,,1249988,,,UTR5018356,2025-09-14,2025-09-15,
pay_000009019559,M25658844,timing_prior_day_capture,False,-99979,,99979,,,UTR5018357,2025-09-14,2025-09-15,
pay_000009019560,M55228477,timing_prior_day_capture,False,-150006,,150006,,,UTR5018358,2025-09-14,2025-09-15,
pay_000009019561,M70993207,timing_prior_day_capture,False,-24988,,24988,,,UTR5018359,2025-09-14,2025-09-15,
pay_000009019562,M21483065,timing_prior_day_capture,False,-9926,,9926,,,UTR5018360,2025-09-14,2025-09-15,
pay_000009019563,M43868403,timing_prior_day_capture,False,-349997,,349997,,,UTR5018361,2025-09-14,2025-09-15,
pay_000009019564,M39596586,timing_prior_day_capture,False,-99984,,99984,,,UTR5018362,2025-09-14,2025-09-15,
pay_000009019565,M29800659,timing_prior_day_capture,False,-349904,,349904,,,UTR5018363,2025-09-14,2025-09-15,
pay_000009019566,M96355121,timing_prior_day_capture,False,-9931,,9931,,,UTR5018364,2025-09-14,2025-09-15,
pay_000009019567,M75683903,timing_prior_day_capture,False,-19915,,19915,,,UTR5018365,2025-09-14,2025-09-15,
pay_000009019568,M76002579,timing_prior_day_capture,False,-599905,,599905,,,UTR5018366,2025-09-14,2025-09-15,
pay_000009019569,M12909738,timing_prior_day_capture,False,-9948,,9948,,,UTR5018367,2025-09-14,2025-09-15,
pay_000009019570,M42427010,timing_prior_day_capture,False,-149997,,149997,,,UTR5018368,2025-09-14,2025-09-15,
pay_000009019571,M41978779,timing_prior_day_capture,False,-9966,,9966,,,UTR5018369,2025-09-14,2025-09-15,
pay_000009019572,M65502006,timing_prior_day_capture,False,-349989,,349989,,,UTR5018370,2025-09-14,2025-09-15,
pay_000009019573,M77853702,timing_prior_day_capture,False,-9977,,9977,,,UTR5018371,2025-09-14,2025-09-15,
pay_000009019574,M10167692,timing_prior_day_capture,False,-199996,,199996,,,UTR5018372,2025-09-14,2025-09-15,
pay_000009019575,M20149284,timing_prior_day_capture,False,-150068,,150068,,,UTR5018373,2025-09-14,2025-09-15,
pay_000009019576,M66546635,timing_prior_day_capture,False,-19979,,19979,,,UTR5018374,2025-09-14,2025-09-15,
pay_000009019577,M73224578,timing_prior_day_capture,False,-99935,,99935,,,UTR5018375,2025-09-14,2025-09-15,
pay_000009019578,M52351293,timing_prior_day_capture,False,-199929,,199929,,,UTR5018376,2025-09-14,2025-09-15,
pay_000009019579,M65003880,timing_prior_day_capture,False,-349924,,349924,,,UTR5018377,2025-09-14,2025-09-15,
pay_000009019580,M56569368,timing_prior_day_capture,False,-99981,,99981,,,UTR5018378,2025-09-14,2025-09-15,
pay_000009019581,M15354267,timing_prior_day_capture,False,-24998,,24998,,,UTR5018379,2025-09-14,2025-09-15,
pay_000009019582,M19611772,timing_prior_day_capture,False,-24918,,24918,,,UTR5018380,2025-09-14,2025-09-15,
pay_000009019583,M35091011,timing_prior_day_capture,False,-24918,,24918,,,UTR5018381,2025-09-14,2025-09-15,
pay_000009019584,M34370788,timing_prior_day_capture,False,-19960,,19960,,,UTR5018382,2025-09-14,2025-09-15,
pay_000009019585,M14431382,timing_prior_day_capture,False,-99957,,99957,,,UTR5018383,2025-09-14,2025-09-15,
pay_000009019586,M64065189,timing_prior_day_capture,False,-9973,,9973,,,UTR5018384,2025-09-14,2025-09-15,
pay_000009019587,M72809088,timing_prior_day_capture,False,-24989,,24989,,,UTR5018385,2025-09-14,2025-09-15,
pay_000009019588,M26118514,timing_prior_day_capture,False,-349945,,349945,,,UTR5018386,2025-09-14,2025-09-15,
pay_000009019589,M66271986,timing_prior_day_capture,False,-199987,,199987,,,UTR5018387,2025-09-14,2025-09-15,
pay_000009019590,M75150235,timing_prior_day_capture,False,-599999,,599999,,,UTR5018388,2025-09-14,2025-09-15,
pay_000009019591,M55228477,timing_prior_day_capture,False,-349979,,349979,,,UTR5018389,2025-09-14,2025-09-15,
pay_000009019592,M86648354,timing_prior_day_capture,False,-49937,,49937,,,UTR5018390,2025-09-14,2025-09-15,
pay_000009019593,M52696841,timing_prior_day_capture,False,-49930,,49930,,,UTR5018391,2025-09-14,2025-09-15,
pay_000009019594,M44098401,timing_prior_day_capture,False,-150074,,150074,,,UTR5018392,2025-09-14,2025-09-15,
pay_000009019595,M29806633,timing_prior_day_capture,False,-150070,,150070,,,UTR5018393,2025-09-14,2025-09-15,
pay_000009019596,M73661612,timing_prior_day_capture,False,-349924,,349924,,,UTR5018394,2025-09-14,2025-09-15,
pay_000009019597,M53015226,timing_prior_day_capture,False,-49903,,49903,,,UTR5018395,2025-09-14,2025-09-15,
pay_000009019598,M56234030,timing_prior_day_capture,False,-599968,,599968,,,UTR5018396,2025-09-14,2025-09-15,
pay_000009019599,M25994767,timing_prior_day_capture,False,-99962,,99962,,,UTR5018397,2025-09-14,2025-09-15,
pay_000009019600,M90812655,timing_prior_day_capture,False,-9935,,9935,,,UTR5018398,2025-09-14,2025-09-15,
pay_000009019601,M32835665,timing_prior_day_capture,False,-99931,,99931,,,UTR5018399,2025-09-14,2025-09-15,
pay_000009019602,M78736512,timing_prior_day_capture,False,-1249915,,1249915,,,UTR5018400,2025-09-14,2025-09-15,
pay_000009019603,M30410607,timing_prior_day_capture,False,-24984,,24984,,,UTR5018401,2025-09-14,2025-09-15,
pay_000009019604,M68911010,timing_prior_day_capture,False,-150082,,150082,,,UTR5018402,2025-09-14,2025-09-15,
pay_000009019605,M36525071,timing_prior_day_capture,False,-99911,,99911,,,UTR5018403,2025-09-14,2025-09-15,
pay_000009019606,M10979494,timing_prior_day_capture,False,-349936,,349936,,,UTR5018404,2025-09-14,2025-09-15,
pay_000009019607,M95262453,timing_prior_day_capture,False,-9974,,9974,,,UTR5018405,2025-09-14,2025-09-15,
pay_000009019608,M35794029,timing_prior_day_capture,False,-99983,,99983,,,UTR5018406,2025-09-14,2025-09-15,
pay_000009019609,M52421201,timing_prior_day_capture,False,-19913,,19913,,,UTR5018407,2025-09-14,2025-09-15,
pay_000009019610,M90740105,timing_prior_day_capture,False,-349927,,349927,,,UTR5018408,2025-09-14,2025-09-15,
pay_000009019611,M43868403,timing_prior_day_capture,False,-19967,,19967,,,UTR5018409,2025-09-14,2025-09-15,
pay_000009019612,M63947826,timing_prior_day_capture,False,-99987,,99987,,,UTR5018410,2025-09-14,2025-09-15,
pay_000009019613,M68989250,timing_prior_day_capture,False,-24935,,24935,,,UTR5018411,2025-09-14,2025-09-15,
pay_000009019614,M20078985,timing_prior_day_capture,False,-49984,,49984,,,UTR5018412,2025-09-14,2025-09-15,
pay_000009019615,M65805815,timing_prior_day_capture,False,-199959,,199959,,,UTR5018413,2025-09-14,2025-09-15,
pay_000009019616,M50559107,timing_prior_day_capture,False,-199956,,199956,,,UTR5018414,2025-09-14,2025-09-15,
pay_000009019617,M29579605,timing_prior_day_capture,False,-1249944,,1249944,,,UTR5018415,2025-09-14,2025-09-15,
pay_000009019618,M44509947,timing_prior_day_capture,False,-199907,,199907,,,UTR5018416,2025-09-14,2025-09-15,
pay_000009019619,M64669408,timing_prior_day_capture,False,-49981,,49981,,,UTR5018417,2025-09-14,2025-09-15,
pay_000009019620,M45044006,timing_prior_day_capture,False,-49917,,49917,,,UTR5018418,2025-09-14,2025-09-15,
pay_000009019621,M25925425,timing_prior_day_capture,False,-49929,,49929,,,UTR5018419,2025-09-14,2025-09-15,
pay_000009019622,M95352063,timing_prior_day_capture,False,-349932,,349932,,,UTR5018420,2025-09-14,2025-09-15,
pay_000009019623,M19258852,timing_prior_day_capture,False,-19983,,19983,,,UTR5018421,2025-09-14,2025-09-15,
pay_000009019624,M49496509,timing_prior_day_capture,False,-49974,,49974,,,UTR5018422,2025-09-14,2025-09-15,
pay_000009019625,M56569368,timing_prior_day_capture,False,-49914,,49914,,,UTR5018423,2025-09-14,2025-09-15,
pay_000009019626,M55601366,timing_prior_day_capture,False,-1249999,,1249999,,,UTR5018424,2025-09-14,2025-09-15,
pay_000009019627,M14214838,timing_prior_day_capture,False,-199990,,199990,,,UTR5018425,2025-09-14,2025-09-15,
pay_000009019628,M10979494,timing_prior_day_capture,False,-49984,,49984,,,UTR5018426,2025-09-14,2025-09-15,
pay_000009019629,M62798018,timing_prior_day_capture,False,-19909,,19909,,,UTR5018427,2025-09-14,2025-09-15,
pay_000009019630,M61371858,timing_prior_day_capture,False,-9938,,9938,,,UTR5018428,2025-09-14,2025-09-15,
pay_000009019631,M74507365,timing_prior_day_capture,False,-349904,,349904,,,UTR5018429,2025-09-14,2025-09-15,
pay_000009019632,M40749958,timing_prior_day_capture,False,-599943,,599943,,,UTR5018430,2025-09-14,2025-09-15,
pay_000009019633,M83715317,timing_prior_day_capture,False,-150030,,150030,,,UTR5018431,2025-09-14,2025-09-15,
pay_000009019634,M62759474,timing_prior_day_capture,False,-199981,,199981,,,UTR5018432,2025-09-14,2025-09-15,
pay_000009019635,M87841374,timing_prior_day_capture,False,-1249980,,1249980,,,UTR5018433,2025-09-14,2025-09-15,
pay_000009019636,M86171298,timing_prior_day_capture,False,-349980,,349980,,,UTR5018434,2025-09-14,2025-09-15,
pay_000009019637,M90740105,timing_prior_day_capture,False,-1249943,,1249943,,,UTR5018435,2025-09-14,2025-09-15,
pay_000009019638,M95352063,timing_prior_day_capture,False,-99963,,99963,,,UTR5018436,2025-09-14,2025-09-15,
pay_000009019639,M10116189,timing_prior_day_capture,False,-24980,,24980,,,UTR5018437,2025-09-14,2025-09-15,
pay_000009019640,M62798018,timing_prior_day_capture,False,-599988,,599988,,,UTR5018438,2025-09-14,2025-09-15,
pay_000009019641,M61015717,timing_prior_day_capture,False,-99950,,99950,,,UTR5018439,2025-09-14,2025-09-15,
pay_000009019642,M16112266,timing_prior_day_capture,False,-349956,,349956,,,UTR5018440,2025-09-14,2025-09-15,
pay_000009019643,M28112708,timing_prior_day_capture,False,-150026,,150026,,,UTR5018441,2025-09-14,2025-09-15,
pay_000009019644,M57153232,timing_prior_day_capture,False,-49980,,49980,,,UTR5018442,2025-09-14,2025-09-15,
pay_000009019645,M19258852,timing_prior_day_capture,False,-19915,,19915,,,UTR5018443,2025-09-14,2025-09-15,
pay_000009019646,M83715317,timing_prior_day_capture,False,-150069,,150069,,,UTR5018444,2025-09-14,2025-09-15,
pay_000009019647,M90782036,timing_prior_day_capture,False,-99942,,99942,,,UTR5018445,2025-09-14,2025-09-15,
pay_000009019648,M66339257,timing_prior_day_capture,False,-150076,,150076,,,UTR5018446,2025-09-14,2025-09-15,
pay_000009019649,M49344397,timing_prior_day_capture,False,-349906,,349906,,,UTR5018447,2025-09-14,2025-09-15,
pay_000009019650,M96887220,timing_prior_day_capture,False,-1249949,,1249949,,,UTR5018448,2025-09-14,2025-09-15,
pay_000009019651,M15740429,timing_prior_day_capture,False,-150071,,150071,,,UTR5018449,2025-09-14,2025-09-15,
pay_000009019652,M96087378,timing_prior_day_capture,False,-19974,,19974,,,UTR5018450,2025-09-14,2025-09-15,
pay_000009019653,M69162026,timing_prior_day_capture,False,-99906,,99906,,,UTR5018451,2025-09-14,2025-09-15,
pay_000009019654,M21539434,timing_prior_day_capture,False,-19931,,19931,,,UTR5018452,2025-09-14,2025-09-15,
pay_000009019655,M62076303,timing_prior_day_capture,False,-349916,,349916,,,UTR5018453,2025-09-14,2025-09-15,
pay_000009019656,M69162026,timing_prior_day_capture,False,-24995,,24995,,,UTR5018454,2025-09-14,2025-09-15,
pay_000009019657,M86518900,timing_prior_day_capture,False,-19938,,19938,,,UTR5018455,2025-09-14,2025-09-15,
pay_000009019658,M91513011,timing_prior_day_capture,False,-349913,,349913,,,UTR5018456,2025-09-14,2025-09-15,
pay_000009019659,M60820053,timing_prior_day_capture,False,-1249912,,1249912,,,UTR5018457,2025-09-14,2025-09-15,
pay_000009019660,M47549642,timing_prior_day_capture,False,-349966,,349966,,,UTR5018458,2025-09-14,2025-09-15,
pay_000009019661,M92109215,timing_prior_day_capture,False,-199928,,199928,,,UTR5018459,2025-09-14,2025-09-15,
pay_000009019662,M96590861,timing_prior_day_capture,False,-24933,,24933,,,UTR5018460,2025-09-14,2025-09-15,
pay_000009019663,M25550771,timing_prior_day_capture,False,-150085,,150085,,,UTR5018461,2025-09-14,2025-09-15,
pay_000009019664,M75809988,timing_prior_day_capture,False,-1249902,,1249902,,,UTR5018462,2025-09-14,2025-09-15,
pay_000009019665,M64902019,timing_prior_day_capture,False,-1249908,,1249908,,,UTR5018463,2025-09-14,2025-09-15,
pay_000009019666,M18268712,timing_prior_day_capture,False,-599926,,599926,,,UTR5018464,2025-09-14,2025-09-15,
pay_000009019667,M73661688,timing_prior_day_capture,False,-599948,,599948,,,UTR5018465,2025-09-14,2025-09-15,
pay_000009019668,M65502006,timing_prior_day_capture,False,-599928,,599928,,,UTR5018466,2025-09-14,2025-09-15,
pay_000009019669,M93079575,timing_prior_day_capture,False,-150064,,150064,,,UTR5018467,2025-09-14,2025-09-15,
pay_000009019670,M66632544,timing_prior_day_capture,False,-99906,,99906,,,UTR5018468,2025-09-14,2025-09-15,
pay_000009019671,M29806633,timing_prior_day_capture,False,-150012,,150012,,,UTR5018469,2025-09-14,2025-09-15,
pay_000009019672,M46127770,timing_prior_day_capture,False,-150051,,150051,,,UTR5018470,2025-09-14,2025-09-15,
pay_000009019673,M19532942,timing_prior_day_capture,False,-149996,,149996,,,UTR5018471,2025-09-14,2025-09-15,
pay_000009019674,M62759474,timing_prior_day_capture,False,-19934,,19934,,,UTR5018472,2025-09-14,2025-09-15,
pay_000009019675,M93619349,timing_prior_day_capture,False,-1249929,,1249929,,,UTR5018473,2025-09-14,2025-09-15,
pay_000009019676,M84959366,timing_prior_day_capture,False,-349930,,349930,,,UTR5018474,2025-09-14,2025-09-15,
pay_000009019677,M30903465,timing_prior_day_capture,False,-349975,,349975,,,UTR5018475,2025-09-14,2025-09-15,
pay_000009019678,M61540594,timing_prior_day_capture,False,-99945,,99945,,,UTR5018476,2025-09-14,2025-09-15,
pay_000009019679,M12658103,timing_prior_day_capture,False,-349981,,349981,,,UTR5018477,2025-09-14,2025-09-15,
pay_000009019680,M19037258,timing_prior_day_capture,False,-99935,,99935,,,UTR5018478,2025-09-14,2025-09-15,
pay_000009019681,M43868403,timing_prior_day_capture,False,-24985,,24985,,,UTR5018479,2025-09-14,2025-09-15,
pay_000009019682,M66546635,timing_prior_day_capture,False,-49972,,49972,,,UTR5018480,2025-09-14,2025-09-15,
pay_000009019683,M37566922,timing_prior_day_capture,False,-19972,,19972,,,UTR5018481,2025-09-14,2025-09-15,
pay_000009019684,M21559956,timing_prior_day_capture,False,-599908,,599908,,,UTR5018482,2025-09-14,2025-09-15,
pay_000009019685,M74361119,timing_prior_day_capture,False,-199988,,199988,,,UTR5018483,2025-09-14,2025-09-15,
pay_000009019686,M93079575,timing_prior_day_capture,False,-19922,,19922,,,UTR5018484,2025-09-14,2025-09-15,
pay_000009019687,M91408484,timing_prior_day_capture,False,-1249994,,1249994,,,UTR5018485,2025-09-14,2025-09-15,
pay_000009019688,M34370788,timing_prior_day_capture,False,-99998,,99998,,,UTR5018486,2025-09-14,2025-09-15,
pay_000009019689,M59450351,timing_prior_day_capture,False,-49989,,49989,,,UTR5018487,2025-09-14,2025-09-15,
pay_000009019690,M58602600,timing_prior_day_capture,False,-599900,,599900,,,UTR5018488,2025-09-14,2025-09-15,
pay_000009019691,M28990984,timing_prior_day_capture,False,-199915,,199915,,,UTR5018489,2025-09-14,2025-09-15,
pay_000009019692,M53392764,timing_prior_day_capture,False,-49902,,49902,,,UTR5018490,2025-09-14,2025-09-15,
pay_000009019693,M41404562,timing_prior_day_capture,False,-1249988,,1249988,,,UTR5018491,2025-09-14,2025-09-15,
pay_000009019694,M16172155,timing_prior_day_capture,False,-49915,,49915,,,UTR5018492,2025-09-14,2025-09-15,
pay_000009019695,M31108700,timing_prior_day_capture,False,-9984,,9984,,,UTR5018493,2025-09-14,2025-09-15,
pay_000009019696,M75391713,timing_prior_day_capture,False,-99944,,99944,,,UTR5018494,2025-09-14,2025-09-15,
pay_000009019697,M15219201,timing_prior_day_capture,False,-1249988,,1249988,,,UTR5018495,2025-09-14,2025-09-15,
pay_000009019698,M23189560,timing_prior_day_capture,False,-24951,,24951,,,UTR5018496,2025-09-14,2025-09-15,
pay_000009019699,M86171298,timing_prior_day_capture,False,-150046,,150046,,,UTR5018497,2025-09-14,2025-09-15,
pay_000009019700,M66518730,timing_prior_day_capture,False,-1249914,,1249914,,,UTR5018498,2025-09-14,2025-09-15,
pay_000009019701,M54653648,timing_prior_day_capture,False,-49980,,49980,,,UTR5018499,2025-09-14,2025-09-15,
pay_000009019702,M36902587,timing_prior_day_capture,False,-349989,,349989,,,UTR5018500,2025-09-14,2025-09-15,
pay_000009019703,M25757525,timing_prior_day_capture,False,-24931,,24931,,,UTR5018501,2025-09-14,2025-09-15,
pay_000009019704,M18268712,timing_prior_day_capture,False,-24912,,24912,,,UTR5018502,2025-09-14,2025-09-15,
pay_000009019705,M14460455,timing_prior_day_capture,False,-599964,,599964,,,UTR5018503,2025-09-14,2025-09-15,
pay_000009019706,M31108700,timing_prior_day_capture,False,-24982,,24982,,,UTR5018504,2025-09-14,2025-09-15,
pay_000009019707,M66557825,timing_prior_day_capture,False,-9929,,9929,,,UTR5018505,2025-09-14,2025-09-15,
pay_000009019708,M21765446,timing_prior_day_capture,False,-349967,,349967,,,UTR5018506,2025-09-14,2025-09-15,
pay_000009019709,M28511554,timing_prior_day_capture,False,-150063,,150063,,,UTR5018507,2025-09-14,2025-09-15,
pay_000009019710,M79877744,timing_prior_day_capture,False,-1249905,,1249905,,,UTR5018508,2025-09-14,2025-09-15,
pay_000009019711,M44509947,timing_prior_day_capture,False,-599922,,599922,,,UTR5018509,2025-09-14,2025-09-15,
pay_000009019712,M11679602,timing_prior_day_capture,False,-150058,,150058,,,UTR5018510,2025-09-14,2025-09-15,
pay_000009019713,M27772451,timing_prior_day_capture,False,-9946,,9946,,,UTR5018511,2025-09-14,2025-09-15,
pay_000009019714,M16499077,timing_prior_day_capture,False,-99951,,99951,,,UTR5018512,2025-09-14,2025-09-15,
pay_000009019715,M31108700,timing_prior_day_capture,False,-349991,,349991,,,UTR5018513,2025-09-14,2025-09-15,
pay_000009019716,M90740105,timing_prior_day_capture,False,-199997,,199997,,,UTR5018514,2025-09-14,2025-09-15,
pay_000009019717,M88380679,timing_prior_day_capture,False,-199900,,199900,,,UTR5018515,2025-09-14,2025-09-15,
pay_000009019718,M71850959,timing_prior_day_capture,False,-24940,,24940,,,UTR5018516,2025-09-14,2025-09-15,
pay_000009019719,M54653648,timing_prior_day_capture,False,-9951,,9951,,,UTR5018517,2025-09-14,2025-09-15,
pay_000009019720,M68989250,timing_prior_day_capture,False,-19936,,19936,,,UTR5018518,2025-09-14,2025-09-15,
pay_000009019721,M60581471,timing_prior_day_capture,False,-49966,,49966,,,UTR5018519,2025-09-14,2025-09-15,
pay_000009019722,M68826427,timing_prior_day_capture,False,-150081,,150081,,,UTR5018520,2025-09-14,2025-09-15,
pay_000009019723,M89532034,timing_prior_day_capture,False,-49956,,49956,,,UTR5018521,2025-09-14,2025-09-15,
pay_000009019724,M90782036,timing_prior_day_capture,False,-9901,,9901,,,UTR5018522,2025-09-14,2025-09-15,
pay_000009019725,M10979494,timing_prior_day_capture,False,-9945,,9945,,,UTR5018523,2025-09-14,2025-09-15,
pay_000009019726,M54900510,timing_prior_day_capture,False,-599963,,599963,,,UTR5018524,2025-09-14,2025-09-15,
pay_000009019727,M54653648,timing_prior_day_capture,False,-9955,,9955,,,UTR5018525,2025-09-14,2025-09-15,
pay_000009019728,M47549642,timing_prior_day_capture,False,-19938,,19938,,,UTR5018526,2025-09-14,2025-09-15,
pay_000009019729,M32420428,timing_prior_day_capture,False,-49939,,49939,,,UTR5018527,2025-09-14,2025-09-15,
pay_000009019730,M88447569,timing_prior_day_capture,False,-19928,,19928,,,UTR5018528,2025-09-14,2025-09-15,
pay_000009019731,M83633800,timing_prior_day_capture,False,-99950,,99950,,,UTR5018529,2025-09-14,2025-09-15,
pay_000009019732,M72939559,timing_prior_day_capture,False,-199906,,199906,,,UTR5018530,2025-09-14,2025-09-15,
pay_000009019733,M89074272,timing_prior_day_capture,False,-599902,,599902,,,UTR5018531,2025-09-14,2025-09-15,
pay_000009019734,M75391713,timing_prior_day_capture,False,-49963,,49963,,,UTR5018532,2025-09-14,2025-09-15,
pay_000009019735,M53341910,timing_prior_day_capture,False,-599986,,599986,,,UTR5018533,2025-09-14,2025-09-15,
pay_000009019736,M19258852,timing_prior_day_capture,False,-599981,,599981,,,UTR5018534,2025-09-14,2025-09-15,
pay_000009019737,M37689941,timing_prior_day_capture,False,-49971,,49971,,,UTR5018535,2025-09-14,2025-09-15,
pay_000009019738,M68621284,timing_prior_day_capture,False,-349954,,349954,,,UTR5018536,2025-09-14,2025-09-15,
pay_000009019739,M68826427,timing_prior_day_capture,False,-49935,,49935,,,UTR5018537,2025-09-14,2025-09-15,
pay_000009019740,M66632544,timing_prior_day_capture,False,-19969,,19969,,,UTR5018538,2025-09-14,2025-09-15,
pay_000009019741,M64065189,timing_prior_day_capture,False,-24933,,24933,,,UTR5018539,2025-09-14,2025-09-15,
pay_000009019742,M58079103,timing_prior_day_capture,False,-9902,,9902,,,UTR5018540,2025-09-14,2025-09-15,
pay_000009019743,M79877744,timing_prior_day_capture,False,-49994,,49994,,,UTR5018541,2025-09-14,2025-09-15,
pay_000009019744,M88490072,timing_prior_day_capture,False,-99980,,99980,,,UTR5018542,2025-09-14,2025-09-15,
pay_000009019745,M26522788,timing_prior_day_capture,False,-599916,,599916,,,UTR5018543,2025-09-14,2025-09-15,
pay_000009019746,M29579605,timing_prior_day_capture,False,-599919,,599919,,,UTR5018544,2025-09-14,2025-09-15,
pay_000009019747,M44098401,timing_prior_day_capture,False,-199941,,199941,,,UTR5018545,2025-09-14,2025-09-15,
pay_000009019748,M75238113,timing_prior_day_capture,False,-9968,,9968,,,UTR5018546,2025-09-14,2025-09-15,
pay_000009019749,M64065189,timing_prior_day_capture,False,-19918,,19918,,,UTR5018547,2025-09-14,2025-09-15,
pay_000009019750,M87248824,timing_prior_day_capture,False,-150004,,150004,,,UTR5018548,2025-09-14,2025-09-15,
pay_000009019751,M57068126,timing_prior_day_capture,False,-19951,,19951,,,UTR5018549,2025-09-14,2025-09-15,
pay_000009019752,M41978779,timing_prior_day_capture,False,-9968,,9968,,,UTR5018550,2025-09-14,2025-09-15,
pay_000009019753,M39637009,timing_prior_day_capture,False,-19901,,19901,,,UTR5018551,2025-09-14,2025-09-15,
pay_000009019754,M88845810,timing_prior_day_capture,False,-199949,,199949,,,UTR5018552,2025-09-14,2025-09-15,
pay_000009019755,M18593947,timing_prior_day_capture,False,-24940,,24940,,,UTR5018553,2025-09-14,2025-09-15,
pay_000009019756,M25994767,timing_prior_day_capture,False,-599994,,599994,,,UTR5018554,2025-09-14,2025-09-15,
pay_000009019757,M84959366,timing_prior_day_capture,False,-19925,,19925,,,UTR5018555,2025-09-14,2025-09-15,
pay_000009019758,M93079575,timing_prior_day_capture,False,-1249937,,1249937,,,UTR5018556,2025-09-14,2025-09-15,
pay_000009019759,M18091245,timing_prior_day_capture,False,-99924,,99924,,,UTR5018557,2025-09-14,2025-09-15,
pay_000009019760,M99972391,timing_prior_day_capture,False,-349994,,349994,,,UTR5018558,2025-09-14,2025-09-15,
pay_000009019761,M17333955,timing_prior_day_capture,False,-99906,,99906,,,UTR5018559,2025-09-14,2025-09-15,
pay_000009019762,M95548492,timing_prior_day_capture,False,-49935,,49935,,,UTR5018560,2025-09-14,2025-09-15,
pay_000009019763,M66585753,timing_prior_day_capture,False,-24929,,24929,,,UTR5018561,2025-09-14,2025-09-15,
pay_000009019764,M68224272,timing_prior_day_capture,False,-1249940,,1249940,,,UTR5018562,2025-09-14,2025-09-15,
pay_000009019765,M38650464,timing_prior_day_capture,False,-199987,,199987,,,UTR5018563,2025-09-14,2025-09-15,
pay_000009019766,M49098767,timing_prior_day_capture,False,-349998,,349998,,,UTR5018564,2025-09-14,2025-09-15,
pay_000009019767,M16499077,timing_prior_day_capture,False,-24987,,24987,,,UTR5018565,2025-09-14,2025-09-15,
pay_000009019768,M79019281,timing_prior_day_capture,False,-1249980,,1249980,,,UTR5018566,2025-09-14,2025-09-15,
pay_000009019769,M12658103,timing_prior_day_capture,False,-199917,,199917,,,UTR5018567,2025-09-14,2025-09-15,
pay_000009019770,M13074808,timing_prior_day_capture,False,-19921,,19921,,,UTR5018568,2025-09-14,2025-09-15,
pay_000009019771,M42015979,timing_prior_day_capture,False,-349953,,349953,,,UTR5018569,2025-09-14,2025-09-15,
pay_000009019772,M68621284,timing_prior_day_capture,False,-150042,,150042,,,UTR5018570,2025-09-14,2025-09-15,
pay_000009019773,M23521588,timing_prior_day_capture,False,-19924,,19924,,,UTR5018571,2025-09-14,2025-09-15,
pay_000009019774,M83633800,timing_prior_day_capture,False,-599972,,599972,,,UTR5018572,2025-09-14,2025-09-15,
pay_000009019775,M10167692,timing_prior_day_capture,False,-99956,,99956,,,UTR5018573,2025-09-14,2025-09-15,
pay_000009019776,M72809088,timing_prior_day_capture,False,-150089,,150089,,,UTR5018574,2025-09-14,2025-09-15,
pay_000009019777,M39637009,timing_prior_day_capture,False,-349944,,349944,,,UTR5018575,2025-09-14,2025-09-15,
pay_000009019778,M64902019,timing_prior_day_capture,False,-599982,,599982,,,UTR5018576,2025-09-14,2025-09-15,
pay_000009019779,M44929059,timing_prior_day_capture,False,-9946,,9946,,,UTR5018577,2025-09-14,2025-09-15,
pay_000009019780,M85365839,timing_prior_day_capture,False,-9949,,9949,,,UTR5018578,2025-09-14,2025-09-15,
pay_000009019781,M42015979,timing_prior_day_capture,False,-1249917,,1249917,,,UTR5018579,2025-09-14,2025-09-15,
pay_000009019782,M65383467,timing_prior_day_capture,False,-19964,,19964,,,UTR5018580,2025-09-14,2025-09-15,
pay_000009019783,M68989250,timing_prior_day_capture,False,-49989,,49989,,,UTR5018581,2025-09-14,2025-09-15,
pay_000009019784,M94258056,timing_prior_day_capture,False,-150007,,150007,,,UTR5018582,2025-09-14,2025-09-15,
pay_000009019785,M16499077,timing_prior_day_capture,False,-199998,,199998,,,UTR5018583,2025-09-14,2025-09-15,
pay_000009019786,M27569871,timing_prior_day_capture,False,-1249954,,1249954,,,UTR5018584,2025-09-14,2025-09-15,
pay_000009019787,M65003880,timing_prior_day_capture,False,-49976,,49976,,,UTR5018585,2025-09-14,2025-09-15,
pay_000009019788,M61371858,timing_prior_day_capture,False,-599986,,599986,,,UTR5018586,2025-09-14,2025-09-15,
pay_000009019789,M69744352,timing_prior_day_capture,False,-99968,,99968,,,UTR5018587,2025-09-14,2025-09-15,
pay_000009019790,M59450351,timing_prior_day_capture,False,-199965,,199965,,,UTR5018588,2025-09-14,2025-09-15,
pay_000009019791,M83109042,timing_prior_day_capture,False,-9918,,9918,,,UTR5018589,2025-09-14,2025-09-15,
pay_000009019792,M75150235,timing_prior_day_capture,False,-24990,,24990,,,UTR5018590,2025-09-14,2025-09-15,
pay_000009019793,M19532942,timing_prior_day_capture,False,-9904,,9904,,,UTR5018591,2025-09-14,2025-09-15,
pay_000009019794,M64145453,timing_prior_day_capture,False,-99907,,99907,,,UTR5018592,2025-09-14,2025-09-15,
pay_000009019795,M20078985,timing_prior_day_capture,False,-349935,,349935,,,UTR5018593,2025-09-14,2025-09-15,
pay_000009019796,M27569871,timing_prior_day_capture,False,-19930,,19930,,,UTR5018594,2025-09-14,2025-09-15,
pay_000009019797,M83487104,timing_prior_day_capture,False,-99920,,99920,,,UTR5018595,2025-09-14,2025-09-15,
pay_000009019798,M95548492,timing_prior_day_capture,False,-99991,,99991,,,UTR5018596,2025-09-14,2025-09-15,
pay_000009019799,M43796998,timing_prior_day_capture,False,-24949,,24949,,,UTR5018597,2025-09-14,2025-09-15,
pay_000009019800,M52511408,timing_prior_day_capture,False,-9905,,9905,,,UTR5018598,2025-09-14,2025-09-15,
pay_000009019801,M76002579,timing_prior_day_capture,False,-599929,,599929,,,UTR5018599,2025-09-14,2025-09-15,
pay_000009019802,M85365839,timing_prior_day_capture,False,-9925,,9925,,,UTR5018600,2025-09-14,2025-09-15,
pay_000009019803,M98959631,timing_prior_day_capture,False,-24900,,24900,,,UTR5018601,2025-09-14,2025-09-15,
pay_000009019804,M41193306,timing_prior_day_capture,False,-599907,,599907,,,UTR5018602,2025-09-14,2025-09-15,
pay_000009019805,M44488815,timing_prior_day_capture,False,-599980,,599980,,,UTR5018603,2025-09-14,2025-09-15,
pay_000009019806,M95548492,timing_prior_day_capture,False,-150001,,150001,,,UTR5018604,2025-09-14,2025-09-15,
pay_000009019807,M42015979,timing_prior_day_capture,False,-349989,,349989,,,UTR5018605,2025-09-14,2025-09-15,
pay_000009019808,M26615659,timing_prior_day_capture,False,-349994,,349994,,,UTR5018606,2025-09-14,2025-09-15,
pay_000009019809,M39793016,timing_prior_day_capture,False,-599937,,599937,,,UTR5018607,2025-09-14,2025-09-15,
pay_000009019810,M90384840,timing_prior_day_capture,False,-99922,,99922,,,UTR5018608,2025-09-14,2025-09-15,
pay_000009019811,M75404338,timing_prior_day_capture,False,-1249909,,1249909,,,UTR5018609,2025-09-14,2025-09-15,
pay_000009019812,M70964452,timing_prior_day_capture,False,-24972,,24972,,,UTR5018610,2025-09-14,2025-09-15,
pay_000009019813,M12909738,timing_prior_day_capture,False,-49946,,49946,,,UTR5018611,2025-09-14,2025-09-15,
pay_000009019814,M45044006,timing_prior_day_capture,False,-24984,,24984,,,UTR5018612,2025-09-14,2025-09-15,
pay_000009019815,M78736512,timing_prior_day_capture,False,-349980,,349980,,,UTR5018613,2025-09-14,2025-09-15,
pay_000009019816,M11679602,timing_prior_day_capture,False,-1249949,,1249949,,,UTR5018614,2025-09-14,2025-09-15,
pay_000009019817,M62159117,timing_prior_day_capture,False,-599937,,599937,,,UTR5018615,2025-09-14,2025-09-15,
pay_000009019818,M88380679,timing_prior_day_capture,False,-1249950,,1249950,,,UTR5018616,2025-09-14,2025-09-15,
pay_000009019819,M12635293,timing_prior_day_capture,False,-199923,,199923,,,UTR5018617,2025-09-14,2025-09-15,
pay_000009019820,M20010054,timing_prior_day_capture,False,-19963,,19963,,,UTR5018618,2025-09-14,2025-09-15,
pay_000009019821,M96590861,timing_prior_day_capture,False,-1249987,,1249987,,,UTR5018619,2025-09-14,2025-09-15,
pay_000009019822,M20614833,timing_prior_day_capture,False,-9968,,9968,,,UTR5018620,2025-09-14,2025-09-15,
pay_000009019823,M60634697,timing_prior_day_capture,False,-9970,,9970,,,UTR5018621,2025-09-14,2025-09-15,
pay_000009019824,M55985970,timing_prior_day_capture,False,-24906,,24906,,,UTR5018622,2025-09-14,2025-09-15,
pay_000009019825,M87150816,timing_prior_day_capture,False,-349953,,349953,,,UTR5018623,2025-09-14,2025-09-15,
pay_000009019826,M53181122,timing_prior_day_capture,False,-99920,,99920,,,UTR5018624,2025-09-14,2025-09-15,
pay_000009019827,M79139260,timing_prior_day_capture,False,-199911,,199911,,,UTR5018625,2025-09-14,2025-09-15,
pay_000009019828,M83487104,timing_prior_day_capture,False,-99999,,99999,,,UTR5018626,2025-09-14,2025-09-15,
pay_000009019829,M62892072,timing_prior_day_capture,False,-1249970,,1249970,,,UTR5018627,2025-09-14,2025-09-15,
pay_000009019830,M73042576,timing_prior_day_capture,False,-349921,,349921,,,UTR5018628,2025-09-14,2025-09-15,
pay_000009019831,M98959631,timing_prior_day_capture,False,-9999,,9999,,,UTR5018629,2025-09-14,2025-09-15,
pay_000009019832,M79019281,timing_prior_day_capture,False,-49937,,49937,,,UTR5018630,2025-09-14,2025-09-15,
pay_000009019833,M15195561,timing_prior_day_capture,False,-19970,,19970,,,UTR5018631,2025-09-14,2025-09-15,
pay_000009019834,M31108700,timing_prior_day_capture,False,-19999,,19999,,,UTR5018632,2025-09-14,2025-09-15,
pay_000009019835,M89074272,timing_prior_day_capture,False,-24957,,24957,,,UTR5018633,2025-09-14,2025-09-15,
pay_000009019836,M71091942,timing_prior_day_capture,False,-19971,,19971,,,UTR5018634,2025-09-14,2025-09-15,
pay_000009019837,M98444591,timing_prior_day_capture,False,-49945,,49945,,,UTR5018635,2025-09-14,2025-09-15,
pay_000009019838,M44671111,timing_prior_day_capture,False,-19905,,19905,,,UTR5018636,2025-09-14,2025-09-15,
pay_000009019839,M38859896,timing_prior_day_capture,False,-599902,,599902,,,UTR5018637,2025-09-14,2025-09-15,
pay_000009019840,M79019281,timing_prior_day_capture,False,-19938,,19938,,,UTR5018638,2025-09-14,2025-09-15,
pay_000009019841,M30903465,timing_prior_day_capture,False,-349925,,349925,,,UTR5018639,2025-09-14,2025-09-15,
pay_000009019842,M96590861,timing_prior_day_capture,False,-199920,,199920,,,UTR5018640,2025-09-14,2025-09-15,
pay_000009019843,M20702981,timing_prior_day_capture,False,-19920,,19920,,,UTR5018641,2025-09-14,2025-09-15,
pay_000009019844,M58350220,timing_prior_day_capture,False,-9902,,9902,,,UTR5018642,2025-09-14,2025-09-15,
pay_000009019845,M96168313,timing_prior_day_capture,False,-150003,,150003,,,UTR5018643,2025-09-14,2025-09-15,
pay_000009019846,M45458756,timing_prior_day_capture,False,-599945,,599945,,,UTR5018644,2025-09-14,2025-09-15,
pay_000009019847,M25593655,timing_prior_day_capture,False,-24926,,24926,,,UTR5018645,2025-09-14,2025-09-15,
pay_000009019848,M49186036,timing_prior_day_capture,False,-150065,,150065,,,UTR5018646,2025-09-14,2025-09-15,
pay_000009019849,M96355121,timing_prior_day_capture,False,-150042,,150042,,,UTR5018647,2025-09-14,2025-09-15,
pay_000009019850,M12796830,timing_prior_day_capture,False,-19941,,19941,,,UTR5018648,2025-09-14,2025-09-15,
pay_000009019851,M78334970,timing_prior_day_capture,False,-599984,,599984,,,UTR5018649,2025-09-14,2025-09-15,
pay_000009019852,M41404562,timing_prior_day_capture,False,-349937,,349937,,,UTR5018650,2025-09-14,2025-09-15,
pay_000009019853,M86518900,timing_prior_day_capture,False,-99939,,99939,,,UTR5018651,2025-09-14,2025-09-15,
pay_000009019854,M13741012,timing_prior_day_capture,False,-49989,,49989,,,UTR5018652,2025-09-14,2025-09-15,
pay_000009019855,M90433865,timing_prior_day_capture,False,-49989,,49989,,,UTR5018653,2025-09-14,2025-09-15,
pay_000009019856,M83109042,timing_prior_day_capture,False,-9980,,9980,,,UTR5018654,2025-09-14,2025-09-15,
pay_000009019857,M55985970,timing_prior_day_capture,False,-49931,,49931,,,UTR5018655,2025-09-14,2025-09-15,
pay_000009019858,M27772451,timing_prior_day_capture,False,-49966,,49966,,,UTR5018656,2025-09-14,2025-09-15,
pay_000009019859,M58354812,timing_prior_day_capture,False,-99904,,99904,,,UTR5018657,2025-09-14,2025-09-15,
pay_000009019860,M31108700,timing_prior_day_capture,False,-49966,,49966,,,UTR5018658,2025-09-14,2025-09-15,
pay_000009019861,M15740429,timing_prior_day_capture,False,-150033,,150033,,,UTR5018659,2025-09-14,2025-09-15,
pay_000009019862,M29564344,timing_prior_day_capture,False,-19971,,19971,,,UTR5018660,2025-09-14,2025-09-15,
pay_000009019863,M44834709,timing_prior_day_capture,False,-599945,,599945,,,UTR5018661,2025-09-14,2025-09-15,
pay_000009019864,M49277527,timing_prior_day_capture,False,-24936,,24936,,,UTR5018662,2025-09-14,2025-09-15,
pay_000009019865,M55985970,timing_prior_day_capture,False,-24944,,24944,,,UTR5018663,2025-09-14,2025-09-15,
pay_000009019866,M21539434,timing_prior_day_capture,False,-24973,,24973,,,UTR5018664,2025-09-14,2025-09-15,
pay_000009019867,M32835665,timing_prior_day_capture,False,-1249981,,1249981,,,UTR5018665,2025-09-14,2025-09-15,
pay_000009019868,M66520117,timing_prior_day_capture,False,-1249942,,1249942,,,UTR5018666,2025-09-14,2025-09-15,
pay_000009019869,M21436096,timing_prior_day_capture,False,-199923,,199923,,,UTR5018667,2025-09-14,2025-09-15,
pay_000009019870,M54653648,timing_prior_day_capture,False,-19972,,19972,,,UTR5018668,2025-09-14,2025-09-15,
pay_000009019871,M49279774,timing_prior_day_capture,False,-49907,,49907,,,UTR5018669,2025-09-14,2025-09-15,
pay_000009019872,M58570562,timing_prior_day_capture,False,-199907,,199907,,,UTR5018670,2025-09-14,2025-09-15,
pay_000009019873,M16073075,timing_prior_day_capture,False,-9901,,9901,,,UTR5018671,2025-09-14,2025-09-15,
pay_000009019874,M29800659,timing_prior_day_capture,False,-99911,,99911,,,UTR5018672,2025-09-14,2025-09-15,
pay_000009019875,M72809088,timing_prior_day_capture,False,-349908,,349908,,,UTR5018673,2025-09-14,2025-09-15,
pay_000009019876,M59450351,timing_prior_day_capture,False,-199945,,199945,,,UTR5018674,2025-09-14,2025-09-15,
pay_000009019877,M35961289,timing_prior_day_capture,False,-24957,,24957,,,UTR5018675,2025-09-14,2025-09-15,
pay_000009019878,M44929059,timing_prior_day_capture,False,-24920,,24920,,,UTR5018676,2025-09-14,2025-09-15,
pay_000009019879,M79019281,timing_prior_day_capture,False,-19908,,19908,,,UTR5018677,2025-09-14,2025-09-15,
pay_000009019880,M96087378,timing_prior_day_capture,False,-599997,,599997,,,UTR5018678,2025-09-14,2025-09-15,
pay_000009019881,M92109215,timing_prior_day_capture,False,-1249917,,1249917,,,UTR5018679,2025-09-14,2025-09-15,
pay_000009019882,M61540594,timing_prior_day_capture,False,-24967,,24967,,,UTR5018680,2025-09-14,2025-09-15,
pay_000009019883,M90812655,timing_prior_day_capture,False,-349976,,349976,,,UTR5018681,2025-09-14,2025-09-15,
pay_000009019884,M43796998,timing_prior_day_capture,False,-1249983,,1249983,,,UTR5018682,2025-09-14,2025-09-15,
pay_000009019885,M18091245,timing_prior_day_capture,False,-349924,,349924,,,UTR5018683,2025-09-14,2025-09-15,
pay_000009019886,M26087418,timing_prior_day_capture,False,-49944,,49944,,,UTR5018684,2025-09-14,2025-09-15,
pay_000009019887,M14431382,timing_prior_day_capture,False,-150012,,150012,,,UTR5018685,2025-09-14,2025-09-15,
pay_000009019888,M29800659,timing_prior_day_capture,False,-99909,,99909,,,UTR5018686,2025-09-14,2025-09-15,
pay_000009019889,M66557825,timing_prior_day_capture,False,-19982,,19982,,,UTR5018687,2025-09-14,2025-09-15,
pay_000009019890,M53015226,timing_prior_day_capture,False,-1249957,,1249957,,,UTR5018688,2025-09-14,2025-09-15,
pay_000009019891,M66271986,timing_prior_day_capture,False,-199931,,199931,,,UTR5018689,2025-09-14,2025-09-15,
pay_000009019892,M19418093,timing_prior_day_capture,False,-49924,,49924,,,UTR5018690,2025-09-14,2025-09-15,
pay_000009019893,M52696841,timing_prior_day_capture,False,-19976,,19976,,,UTR5018691,2025-09-14,2025-09-15,
pay_000009019894,M34005993,timing_prior_day_capture,False,-199996,,199996,,,UTR5018692,2025-09-14,2025-09-15,
pay_000009019895,M74500119,timing_prior_day_capture,False,-599909,,599909,,,UTR5018693,2025-09-14,2025-09-15,
pay_000009019896,M86518900,timing_prior_day_capture,False,-24912,,24912,,,UTR5018694,2025-09-14,2025-09-15,
pay_000009019897,M10588136,timing_prior_day_capture,False,-49947,,49947,,,UTR5018695,2025-09-14,2025-09-15,
pay_000009019898,M16836277,timing_prior_day_capture,False,-150079,,150079,,,UTR5018696,2025-09-14,2025-09-15,
pay_000009019899,M53392764,timing_prior_day_capture,False,-19910,,19910,,,UTR5018697,2025-09-14,2025-09-15,
pay_000009019900,M57153232,timing_prior_day_capture,False,-99933,,99933,,,UTR5018698,2025-09-14,2025-09-15,
pay_000009019901,M58350220,timing_prior_day_capture,False,-349903,,349903,,,UTR5018699,2025-09-14,2025-09-15,
pay_000009019902,M46127770,timing_prior_day_capture,False,-199947,,199947,,,UTR5018700,2025-09-14,2025-09-15,
pay_000009019903,M16112266,timing_prior_day_capture,False,-24920,,24920,,,UTR5018701,2025-09-14,2025-09-15,
pay_000009019904,M98793572,timing_prior_day_capture,False,-9950,,9950,,,UTR5018702,2025-09-14,2025-09-15,
pay_000009019905,M81570610,timing_prior_day_capture,False,-24903,,24903,,,UTR5018703,2025-09-14,2025-09-15,
pay_000009019906,M58498736,timing_prior_day_capture,False,-199937,,199937,,,UTR5018704,2025-09-14,2025-09-15,
pay_000009019907,M20514625,timing_prior_day_capture,False,-99984,,99984,,,UTR5018705,2025-09-14,2025-09-15,
pay_000009019908,M87248824,timing_prior_day_capture,False,-9960,,9960,,,UTR5018706,2025-09-14,2025-09-15,
pay_000009019909,M89074272,timing_prior_day_capture,False,-150052,,150052,,,UTR5018707,2025-09-14,2025-09-15,
pay_000009019910,M51666375,timing_prior_day_capture,False,-599914,,599914,,,UTR5018708,2025-09-14,2025-09-15,
pay_000009019911,M71091942,timing_prior_day_capture,False,-599986,,599986,,,UTR5018709,2025-09-14,2025-09-15,
pay_000009019912,M18284434,timing_prior_day_capture,False,-349959,,349959,,,UTR5018710,2025-09-14,2025-09-15,
pay_000009019913,M60538494,timing_prior_day_capture,False,-599940,,599940,,,UTR5018711,2025-09-14,2025-09-15,
pay_000009019914,M71867858,timing_prior_day_capture,False,-19926,,19926,,,UTR5018712,2025-09-14,2025-09-15,
pay_000009019915,M91513011,timing_prior_day_capture,False,-24934,,24934,,,UTR5018713,2025-09-14,2025-09-15,
pay_000009019916,M96355121,timing_prior_day_capture,False,-9925,,9925,,,UTR5018714,2025-09-14,2025-09-15,
pay_000009019917,M62892072,timing_prior_day_capture,False,-24942,,24942,,,UTR5018715,2025-09-14,2025-09-15,
pay_000009019918,M25593655,timing_prior_day_capture,False,-99990,,99990,,,UTR5018716,2025-09-14,2025-09-15,
pay_000009019919,M87227280,timing_prior_day_capture,False,-19941,,19941,,,UTR5018717,2025-09-14,2025-09-15,
pay_000009019920,M68224272,timing_prior_day_capture,False,-24948,,24948,,,UTR5018718,2025-09-14,2025-09-15,
pay_000009019921,M16073075,timing_prior_day_capture,False,-9943,,9943,,,UTR5018719,2025-09-14,2025-09-15,
pay_000009019922,M87227280,timing_prior_day_capture,False,-99986,,99986,,,UTR5018720,2025-09-14,2025-09-15,
pay_000009019923,M83715317,timing_prior_day_capture,False,-1249926,,1249926,,,UTR5018721,2025-09-14,2025-09-15,
pay_000009019924,M37957105,timing_prior_day_capture,False,-99945,,99945,,,UTR5018722,2025-09-14,2025-09-15,
pay_000009019925,M64483876,timing_prior_day_capture,False,-49957,,49957,,,UTR5018723,2025-09-14,2025-09-15,
pay_000009019926,M95548492,timing_prior_day_capture,False,-49905,,49905,,,UTR5018724,2025-09-14,2025-09-15,
pay_000009019927,M77086075,timing_prior_day_capture,False,-19995,,19995,,,UTR5018725,2025-09-14,2025-09-15,
pay_000009019928,M95735003,timing_prior_day_capture,False,-9903,,9903,,,UTR5018726,2025-09-14,2025-09-15,
pay_000009019929,M64222594,timing_prior_day_capture,False,-349960,,349960,,,UTR5018727,2025-09-14,2025-09-15,
pay_000009019930,M66426710,timing_prior_day_capture,False,-9992,,9992,,,UTR5018728,2025-09-14,2025-09-15,
pay_000009019931,M10979494,timing_prior_day_capture,False,-24916,,24916,,,UTR5018729,2025-09-14,2025-09-15,
pay_000009019932,M23521588,timing_prior_day_capture,False,-349962,,349962,,,UTR5018730,2025-09-14,2025-09-15,
pay_000009019933,M68621284,timing_prior_day_capture,False,-1249917,,1249917,,,UTR5018731,2025-09-14,2025-09-15,
pay_000009019934,M38650464,timing_prior_day_capture,False,-19937,,19937,,,UTR5018732,2025-09-14,2025-09-15,
pay_000009019935,M52421201,timing_prior_day_capture,False,-1249927,,1249927,,,UTR5018733,2025-09-14,2025-09-15,
pay_000009019936,M44098401,timing_prior_day_capture,False,-150002,,150002,,,UTR5018734,2025-09-14,2025-09-15,
pay_000009019937,M49186036,timing_prior_day_capture,False,-99921,,99921,,,UTR5018735,2025-09-14,2025-09-15,
pay_000009019938,M57133530,timing_prior_day_capture,False,-150009,,150009,,,UTR5018736,2025-09-14,2025-09-15,
pay_000009019939,M59450351,timing_prior_day_capture,False,-19976,,19976,,,UTR5018737,2025-09-14,2025-09-15,
pay_000009019940,M30644274,timing_prior_day_capture,False,-9917,,9917,,,UTR5018738,2025-09-14,2025-09-15,
pay_000009019941,M18567504,timing_prior_day_capture,False,-1249981,,1249981,,,UTR5018739,2025-09-14,2025-09-15,
pay_000009019942,M91369117,timing_prior_day_capture,False,-99918,,99918,,,UTR5018740,2025-09-14,2025-09-15,
pay_000009019943,M18091245,timing_prior_day_capture,False,-9914,,9914,,,UTR5018741,2025-09-14,2025-09-15,
pay_000009019944,M41404562,timing_prior_day_capture,False,-49968,,49968,,,UTR5018742,2025-09-14,2025-09-15,
pay_000009019945,M52140923,timing_prior_day_capture,False,-49970,,49970,,,UTR5018743,2025-09-14,2025-09-15,
pay_000009019946,M66651069,timing_prior_day_capture,False,-349967,,349967,,,UTR5018744,2025-09-14,2025-09-15,
pay_000009019947,M73661688,timing_prior_day_capture,False,-19937,,19937,,,UTR5018745,2025-09-14,2025-09-15,
pay_000009019948,M43113375,timing_prior_day_capture,False,-24976,,24976,,,UTR5018746,2025-09-14,2025-09-15,
pay_000009019949,M10116189,timing_prior_day_capture,False,-9920,,9920,,,UTR5018747,2025-09-14,2025-09-15,
pay_000009019950,M66426710,timing_prior_day_capture,False,-19977,,19977,,,UTR5018748,2025-09-14,2025-09-15,
pay_000009019951,M85721345,timing_prior_day_capture,False,-9934,,9934,,,UTR5018749,2025-09-14,2025-09-15,
pay_000009019952,M56448641,timing_prior_day_capture,False,-19968,,19968,,,UTR5018750,2025-09-14,2025-09-15,
pay_000009019953,M41193306,timing_prior_day_capture,False,-599927,,599927,,,UTR5018751,2025-09-14,2025-09-15,
pay_000009019954,M63303103,timing_prior_day_capture,False,-24968,,24968,,,UTR5018752,2025-09-14,2025-09-15,
pay_000009019955,M58602600,timing_prior_day_capture,False,-1249975,,1249975,,,UTR5018753,2025-09-14,2025-09-15,
pay_000009019956,M21559956,timing_prior_day_capture,False,-1249903,,1249903,,,UTR5018754,2025-09-14,2025-09-15,
pay_000009019957,M25593655,timing_prior_day_capture,False,-24964,,24964,,,UTR5018755,2025-09-14,2025-09-15,
pay_000009019958,M56234030,timing_prior_day_capture,False,-150081,,150081,,,UTR5018756,2025-09-14,2025-09-15,
pay_000009019959,M18284434,timing_prior_day_capture,False,-49973,,49973,,,UTR5018757,2025-09-14,2025-09-15,
pay_000009019960,M41452943,timing_prior_day_capture,False,-99937,,99937,,,UTR5018758,2025-09-14,2025-09-15,
pay_000009019961,M26050621,timing_prior_day_capture,False,-349924,,349924,,,UTR5018759,2025-09-14,2025-09-15,
pay_000009019962,M21759404,timing_prior_day_capture,False,-9979,,9979,,,UTR5018760,2025-09-14,2025-09-15,
pay_000009019963,M86128513,timing_prior_day_capture,False,-9948,,9948,,,UTR5018761,2025-09-14,2025-09-15,
pay_000009019964,M38859896,timing_prior_day_capture,False,-349991,,349991,,,UTR5018762,2025-09-14,2025-09-15,
pay_000009019965,M40749958,timing_prior_day_capture,False,-9976,,9976,,,UTR5018763,2025-09-14,2025-09-15,
pay_000009019966,M80608304,timing_prior_day_capture,False,-1249994,,1249994,,,UTR5018764,2025-09-14,2025-09-15,
pay_000009019967,M66520117,timing_prior_day_capture,False,-9986,,9986,,,UTR5018765,2025-09-14,2025-09-15,
pay_000009019968,M41404562,timing_prior_day_capture,False,-99901,,99901,,,UTR5018766,2025-09-14,2025-09-15,
pay_000009019969,M58765262,timing_prior_day_capture,False,-19935,,19935,,,UTR5018767,2025-09-14,2025-09-15,
pay_000009019970,M95352063,timing_prior_day_capture,False,-150042,,150042,,,UTR5018768,2025-09-14,2025-09-15,
pay_000009019971,M93637695,timing_prior_day_capture,False,-1249923,,1249923,,,UTR5018769,2025-09-14,2025-09-15,
pay_000009019972,M62076303,timing_prior_day_capture,False,-99982,,99982,,,UTR5018770,2025-09-14,2025-09-15,
pay_000009019973,M60222563,timing_prior_day_capture,False,-599997,,599997,,,UTR5018771,2025-09-14,2025-09-15,
pay_000009019974,M62798018,timing_prior_day_capture,False,-150012,,150012,,,UTR5018772,2025-09-14,2025-09-15,
pay_000009019975,M45674239,timing_prior_day_capture,False,-199960,,199960,,,UTR5018773,2025-09-14,2025-09-15,
pay_000009019976,M74361119,timing_prior_day_capture,False,-9996,,9996,,,UTR5018774,2025-09-14,2025-09-15,
pay_000009019977,M97285147,timing_prior_day_capture,False,-49989,,49989,,,UTR5018775,2025-09-14,2025-09-15,
pay_000009019978,M71867858,timing_prior_day_capture,False,-199980,,199980,,,UTR5018776,2025-09-14,2025-09-15,
pay_000009019979,M94258056,timing_prior_day_capture,False,-150058,,150058,,,UTR5018777,2025-09-14,2025-09-15,
pay_000009019980,M28995152,timing_prior_day_capture,False,-24918,,24918,,,UTR5018778,2025-09-14,2025-09-15,
pay_000009019981,M37957105,timing_prior_day_capture,False,-599999,,599999,,,UTR5018779,2025-09-14,2025-09-15,
pay_000009019982,M62798018,timing_prior_day_capture,False,-150076,,150076,,,UTR5018780,2025-09-14,2025-09-15,
pay_000009019983,M91135937,timing_prior_day_capture,False,-199978,,199978,,,UTR5018781,2025-09-14,2025-09-15,
pay_000009019984,M85365839,timing_prior_day_capture,False,-599945,,599945,,,UTR5018782,2025-09-14,2025-09-15,
pay_000009019985,M74389584,timing_prior_day_capture,False,-199992,,199992,,,UTR5018783,2025-09-14,2025-09-15,
pay_000009019986,M44884581,timing_prior_day_capture,False,-349954,,349954,,,UTR5018784,2025-09-14,2025-09-15,
pay_000009019987,M81492094,timing_prior_day_capture,False,-99946,,99946,,,UTR5018785,2025-09-14,2025-09-15,
pay_000009019988,M91408484,timing_prior_day_capture,False,-24942,,24942,,,UTR5018786,2025-09-14,2025-09-15,
pay_000009019989,M92715158,timing_prior_day_capture,False,-149992,,149992,,,UTR5018787,2025-09-14,2025-09-15,
pay_000009019990,M39086478,timing_prior_day_capture,False,-49956,,49956,,,UTR5018788,2025-09-14,2025-09-15,
pay_000009019991,M14690350,timing_prior_day_capture,False,-149997,,149997,,,UTR5018789,2025-09-14,2025-09-15,
pay_000009019992,M49344397,timing_prior_day_capture,False,-150001,,150001,,,UTR5018790,2025-09-14,2025-09-15,
pay_000009019993,M84968670,timing_prior_day_capture,False,-49960,,49960,,,UTR5018791,2025-09-14,2025-09-15,
pay_000009019994,M26384925,timing_prior_day_capture,False,-19954,,19954,,,UTR5018792,2025-09-14,2025-09-15,
pay_000009019995,M19051462,timing_prior_day_capture,False,-9958,,9958,,,UTR5018793,2025-09-14,2025-09-15,
pay_000009019996,M25925425,timing_prior_day_capture,False,-1249982,,1249982,,,UTR5018794,2025-09-14,2025-09-15,
pay_000009019997,M89074272,timing_prior_day_capture,False,-599974,,599974,,,UTR5018795,2025-09-14,2025-09-15,
pay_000009019998,M27792377,timing_prior_day_capture,False,-19984,,19984,,,UTR5018796,2025-09-14,2025-09-15,
pay_000009019999,M25994767,timing_prior_day_capture,False,-599961,,599961,,,UTR5018797,2025-09-14,2025-09-15,
pay_000009020000,M12658103,timing_prior_day_capture,False,-1249949,,1249949,,,UTR5018798,2025-09-14,2025-09-15,
pay_000009020001,M62892072,timing_prior_day_capture,False,-1249964,,1249964,,,UTR5018799,2025-09-14,2025-09-15,
pay_000009020002,M18567504,timing_prior_day_capture,False,-150014,,150014,,,UTR5018800,2025-09-14,2025-09-15,
pay_000009020003,M77869053,timing_prior_day_capture,False,-150046,,150046,,,UTR5018801,2025-09-14,2025-09-15,
pay_000009020004,M77853702,timing_prior_day_capture,False,-199938,,199938,,,UTR5018802,2025-09-14,2025-09-15,
pay_000009020005,M13074808,timing_prior_day_capture,False,-24910,,24910,,,UTR5018803,2025-09-14,2025-09-15,
pay_000009020006,M47071542,timing_prior_day_capture,False,-349995,,349995,,,UTR5018804,2025-09-14,2025-09-15,
pay_000009020007,M73661688,timing_prior_day_capture,False,-199963,,199963,,,UTR5018805,2025-09-14,2025-09-15,
pay_000009020008,M38543824,timing_prior_day_capture,False,-19926,,19926,,,UTR5018806,2025-09-14,2025-09-15,
pay_000009020009,M68826427,timing_prior_day_capture,False,-49939,,49939,,,UTR5018807,2025-09-14,2025-09-15,
pay_000009020010,M49279774,timing_prior_day_capture,False,-599975,,599975,,,UTR5018808,2025-09-14,2025-09-15,
pay_000009020011,M44884581,timing_prior_day_capture,False,-349936,,349936,,,UTR5018809,2025-09-14,2025-09-15,
pay_000009020012,M85365839,timing_prior_day_capture,False,-349989,,349989,,,UTR5018810,2025-09-14,2025-09-15,
pay_000009020013,M24936480,timing_prior_day_capture,False,-149992,,149992,,,UTR5018811,2025-09-14,2025-09-15,
pay_000009020014,M71850959,timing_prior_day_capture,False,-24908,,24908,,,UTR5018812,2025-09-14,2025-09-15,
pay_000009020015,M96887220,timing_prior_day_capture,False,-150034,,150034,,,UTR5018813,2025-09-14,2025-09-15,
pay_000009020016,M39637009,timing_prior_day_capture,False,-199988,,199988,,,UTR5018814,2025-09-14,2025-09-15,
pay_000009020017,M24047359,timing_prior_day_capture,False,-150023,,150023,,,UTR5018815,2025-09-14,2025-09-15,
pay_000009020018,M83433129,timing_prior_day_capture,False,-24956,,24956,,,UTR5018816,2025-09-14,2025-09-15,
pay_000009020019,M83109042,timing_prior_day_capture,False,-99997,,99997,,,UTR5018817,2025-09-14,2025-09-15,
pay_000009020020,M89587270,timing_prior_day_capture,False,-24916,,24916,,,UTR5018818,2025-09-14,2025-09-15,
pay_000009020021,M53392764,timing_prior_day_capture,False,-49923,,49923,,,UTR5018819,2025-09-14,2025-09-15,
pay_000009020022,M58765262,timing_prior_day_capture,False,-150032,,150032,,,UTR5018820,2025-09-14,2025-09-15,
pay_000009020023,M73661688,timing_prior_day_capture,False,-19962,,19962,,,UTR5018821,2025-09-14,2025-09-15,
pay_000009020024,M52044167,timing_prior_day_capture,False,-599945,,599945,,,UTR5018822,2025-09-14,2025-09-15,
pay_000009020025,M37630633,timing_prior_day_capture,False,-150019,,150019,,,UTR5018823,2025-09-14,2025-09-15,
pay_000009020026,M28112708,timing_prior_day_capture,False,-1249929,,1249929,,,UTR5018824,2025-09-14,2025-09-15,
pay_000009020027,M53341910,timing_prior_day_capture,False,-9958,,9958,,,UTR5018825,2025-09-14,2025-09-15,
pay_000009020028,M40749958,timing_prior_day_capture,False,-9936,,9936,,,UTR5018826,2025-09-14,2025-09-15,
pay_000009020029,M56234030,timing_prior_day_capture,False,-349918,,349918,,,UTR5018827,2025-09-14,2025-09-15,
pay_000009020030,M44488815,timing_prior_day_capture,False,-599967,,599967,,,UTR5018828,2025-09-14,2025-09-15,
pay_000009020031,M41404562,timing_prior_day_capture,False,-599949,,599949,,,UTR5018829,2025-09-14,2025-09-15,
pay_000009020032,M89265581,timing_prior_day_capture,False,-24911,,24911,,,UTR5018830,2025-09-14,2025-09-15,
pay_000009020033,M60538494,timing_prior_day_capture,False,-9902,,9902,,,UTR5018831,2025-09-14,2025-09-15,
pay_000009020034,M74507365,timing_prior_day_capture,False,-19962,,19962,,,UTR5018832,2025-09-14,2025-09-15,
pay_000009020035,M70993207,timing_prior_day_capture,False,-19951,,19951,,,UTR5018833,2025-09-14,2025-09-15,
pay_000009020036,M86669048,timing_prior_day_capture,False,-599973,,599973,,,UTR5018834,2025-09-14,2025-09-15,
pay_000009020037,M85721345,timing_prior_day_capture,False,-24905,,24905,,,UTR5018835,2025-09-14,2025-09-15,
pay_000009020038,M97115569,timing_prior_day_capture,False,-199973,,199973,,,UTR5018836,2025-09-14,2025-09-15,
pay_000009020039,M86128513,timing_prior_day_capture,False,-349989,,349989,,,UTR5018837,2025-09-14,2025-09-15,
pay_000009020040,M75809988,timing_prior_day_capture,False,-199917,,199917,,,UTR5018838,2025-09-14,2025-09-15,
pay_000009020041,M52952608,timing_prior_day_capture,False,-49900,,49900,,,UTR5018839,2025-09-14,2025-09-15,
pay_000009020042,M98444591,timing_prior_day_capture,False,-24919,,24919,,,UTR5018840,2025-09-14,2025-09-15,
pay_000009020043,M66546635,timing_prior_day_capture,False,-49996,,49996,,,UTR5018841,2025-09-14,2025-09-15,
pay_000009020044,M34005993,timing_prior_day_capture,False,-99938,,99938,,,UTR5018842,2025-09-14,2025-09-15,
pay_000009020045,M36093158,timing_prior_day_capture,False,-9986,,9986,,,UTR5018843,2025-09-14,2025-09-15,
pay_000009020046,M92109215,timing_prior_day_capture,False,-99926,,99926,,,UTR5018844,2025-09-14,2025-09-15,
pay_000009020047,M85427386,timing_prior_day_capture,False,-349923,,349923,,,UTR5018845,2025-09-14,2025-09-15,
pay_000009020048,M21539434,timing_prior_day_capture,False,-19922,,19922,,,UTR5018846,2025-09-14,2025-09-15,
pay_000009020049,M89532034,timing_prior_day_capture,False,-1249905,,1249905,,,UTR5018847,2025-09-14,2025-09-15,
pay_000009020050,M29579605,timing_prior_day_capture,False,-99904,,99904,,,UTR5018848,2025-09-14,2025-09-15,
pay_000009020051,M87248824,timing_prior_day_capture,False,-9906,,9906,,,UTR5018849,2025-09-14,2025-09-15,
pay_000009020052,M68911010,timing_prior_day_capture,False,-24998,,24998,,,UTR5018850,2025-09-14,2025-09-15,
pay_000009020053,M54117248,timing_prior_day_capture,False,-1249919,,1249919,,,UTR5018851,2025-09-14,2025-09-15,
pay_000009020054,M20514625,timing_prior_day_capture,False,-1249919,,1249919,,,UTR5018852,2025-09-14,2025-09-15,
pay_000009020055,M79374858,timing_prior_day_capture,False,-19959,,19959,,,UTR5018853,2025-09-14,2025-09-15,
pay_000009020056,M25925425,timing_prior_day_capture,False,-599910,,599910,,,UTR5018854,2025-09-14,2025-09-15,
pay_000009020057,M75391713,timing_prior_day_capture,False,-24990,,24990,,,UTR5018855,2025-09-14,2025-09-15,
pay_000009020058,M26358200,timing_prior_day_capture,False,-49984,,49984,,,UTR5018856,2025-09-14,2025-09-15,
pay_000009020059,M39422804,timing_prior_day_capture,False,-599946,,599946,,,UTR5018857,2025-09-14,2025-09-15,
pay_000009020060,M26615659,timing_prior_day_capture,False,-599994,,599994,,,UTR5018858,2025-09-14,2025-09-15,
pay_000009020061,M34005993,timing_prior_day_capture,False,-24922,,24922,,,UTR5018859,2025-09-14,2025-09-15,
pay_000009020062,M86128513,timing_prior_day_capture,False,-24933,,24933,,,UTR5018860,2025-09-14,2025-09-15,
pay_000009020063,M35091011,timing_prior_day_capture,False,-150050,,150050,,,UTR5018861,2025-09-14,2025-09-15,
pay_000009020064,M16499077,timing_prior_day_capture,False,-19922,,19922,,,UTR5018862,2025-09-14,2025-09-15,
pay_000009020065,M39793016,timing_prior_day_capture,False,-1249945,,1249945,,,UTR5018863,2025-09-14,2025-09-15,
pay_000009020066,M55985970,timing_prior_day_capture,False,-9927,,9927,,,UTR5018864,2025-09-14,2025-09-15,
pay_000009020067,M83109042,timing_prior_day_capture,False,-9930,,9930,,,UTR5018865,2025-09-14,2025-09-15,
pay_000009020068,M52421201,timing_prior_day_capture,False,-150028,,150028,,,UTR5018866,2025-09-14,2025-09-15,
pay_000009020069,M64222594,timing_prior_day_capture,False,-99936,,99936,,,UTR5018867,2025-09-14,2025-09-15,
pay_000009020070,M71091942,timing_prior_day_capture,False,-199989,,199989,,,UTR5018868,2025-09-14,2025-09-15,
pay_000009020071,M92568984,timing_prior_day_capture,False,-1249938,,1249938,,,UTR5018869,2025-09-14,2025-09-15,
pay_000009020072,M85695936,timing_prior_day_capture,False,-24971,,24971,,,UTR5018870,2025-09-14,2025-09-15,
pay_000009020073,M18567504,timing_prior_day_capture,False,-599986,,599986,,,UTR5018871,2025-09-14,2025-09-15,
pay_000009020074,M36672297,timing_prior_day_capture,False,-599929,,599929,,,UTR5018872,2025-09-14,2025-09-15,
pay_000009020075,M95262453,timing_prior_day_capture,False,-99904,,99904,,,UTR5018873,2025-09-14,2025-09-15,
pay_000009020076,M40653891,timing_prior_day_capture,False,-9998,,9998,,,UTR5018874,2025-09-14,2025-09-15,
pay_000009020077,M42460996,timing_prior_day_capture,False,-24900,,24900,,,UTR5018875,2025-09-14,2025-09-15,
pay_000009020078,M23521588,timing_prior_day_capture,False,-9909,,9909,,,UTR5018876,2025-09-14,2025-09-15,
pay_000009020079,M44929059,timing_prior_day_capture,False,-599936,,599936,,,UTR5018877,2025-09-14,2025-09-15,
pay_000009020080,M98721314,timing_prior_day_capture,False,-9978,,9978,,,UTR5018878,2025-09-14,2025-09-15,
pay_000009020081,M20078985,timing_prior_day_capture,False,-24985,,24985,,,UTR5018879,2025-09-14,2025-09-15,
pay_000009020082,M60222563,timing_prior_day_capture,False,-1249923,,1249923,,,UTR5018880,2025-09-14,2025-09-15,
pay_000009020083,M64145453,timing_prior_day_capture,False,-49903,,49903,,,UTR5018881,2025-09-14,2025-09-15,
pay_000009020084,M85427386,timing_prior_day_capture,False,-9929,,9929,,,UTR5018882,2025-09-14,2025-09-15,
pay_000009020085,M79019281,timing_prior_day_capture,False,-349903,,349903,,,UTR5018883,2025-09-14,2025-09-15,
pay_000009020086,M19532942,timing_prior_day_capture,False,-349997,,349997,,,UTR5018884,2025-09-14,2025-09-15,
pay_000009020087,M95262453,timing_prior_day_capture,False,-349942,,349942,,,UTR5018885,2025-09-14,2025-09-15,
pay_000009020088,M66339257,timing_prior_day_capture,False,-199965,,199965,,,UTR5018886,2025-09-14,2025-09-15,
pay_000009020089,M71091942,timing_prior_day_capture,False,-1249990,,1249990,,,UTR5018887,2025-09-14,2025-09-15,
pay_000009020090,M26087418,timing_prior_day_capture,False,-349984,,349984,,,UTR5018888,2025-09-14,2025-09-15,
pay_000009020091,M94258056,timing_prior_day_capture,False,-19986,,19986,,,UTR5018889,2025-09-14,2025-09-15,
pay_000009020092,M12909738,timing_prior_day_capture,False,-24901,,24901,,,UTR5018890,2025-09-14,2025-09-15,
pay_000009020093,M86669048,timing_prior_day_capture,False,-1249903,,1249903,,,UTR5018891,2025-09-14,2025-09-15,
pay_000009020094,M61648109,timing_prior_day_capture,False,-49900,,49900,,,UTR5018892,2025-09-14,2025-09-15,
pay_000009020095,M73661688,timing_prior_day_capture,False,-150064,,150064,,,UTR5018893,2025-09-14,2025-09-15,
pay_000009020096,M28990984,timing_prior_day_capture,False,-199933,,199933,,,UTR5018894,2025-09-14,2025-09-15,
pay_000009020097,M45458756,timing_prior_day_capture,False,-49905,,49905,,,UTR5018895,2025-09-14,2025-09-15,
pay_000009020098,M87248824,timing_prior_day_capture,False,-24942,,24942,,,UTR5018896,2025-09-14,2025-09-15,
pay_000009020099,M46703582,timing_prior_day_capture,False,-150073,,150073,,,UTR5018897,2025-09-14,2025-09-15,
pay_000009020100,M80826716,timing_prior_day_capture,False,-599932,,599932,,,UTR5018898,2025-09-14,2025-09-15,
